"- Вы патриот России? - Да. - Тогда почему Вы до сих пор не в рядах ополченцев ДНР и ЛНР? - Вы, пожалуйста, патриотизм с идиотизмом не путайте. © Bufo Marinus"
"- Жена вечером начала жаловаться на то, что опоздала на работу. А я сижу и ржу про себя. Ведь, исключительно ради интереса, утром не закрыл свои странички в социальных сетях и забыл телефон на столе. Думал, что она вообще на работу не пойдёт!"
"Складывается впечатление, что чиновники из Оргкомитета Сочи-2014 расшифровывают олимпийский девиз CITIUS, ALTIUS, FORTIUS как СЫТНЕЕ, АЛЧНЕЕ, ФАРТОВЕЕ."
"Что такое fatal error в жизни - приходишь в военкомат за отсрочкой, а тебе вручают повестку."
- За Родину! За Сталина! - Ты дебил? - Ну за маму с папой он уже не ест.
"Мужики ноют: мол, эта - худая, эта - толстая, слишком яркий макияж, плоская задница, маленькая грудь... А сами выглядят, как жопа из кустов!"
"Коровье бешенство, свиной грипп, а в следующем году ТАРАКАНИЙ ТРИППЕР!"
"Мужик приходит домой и, видя жену с другом в постели, достаёт пистолет и убивает друга. Жена вылезает из постели и укоризненно говорит: - Ты так без друзей останешься..."
"- Юлия Владимировна, вы такая больная, не можете пошевелиться, всё болит - спина, печень, почки... А ежедневно трахаетесь со своим адвокатом Власенко! - Ой, единственный здоровый орган остался, так и тут позавидовали!"
"Звонок ветеринару: - Сейчас к вам придёт моя тёща со старой собакой. Так вы сделайте ей укол какого-нибудь самого сильного яду, чтобы не мучилась и сразу померла. Ветеринар: - А с собакой что делать?"
Самоубийство - последняя попытка изменить жизнь к лучшему
Великие люди говорят об идеях. Посредственные - о вещах. Мелочные - о других людях.
"Разговаривают программист и финансист: - В мире, как в двоичной система счисления, есть нули и есть единицы. - Есть еще и у.е."
"Робкий муж, который к тому же трепетно заботится о своём здоровье, вернувшись из командировки на день раньше, пережидает сутки на вокзале в Комнате отдыха."
Украина вовсю готовится к Евро-2012. Именно такой курс гривни в обменниках ожидается уже послезавтра.
"Сколько русского не обрезай, все равно еврей из него не получится."
"Не вызывает сомнения, что если пана Порошенко прижмут обстоятельства, то выяснится, что в глубине души он всегда любил Россию и русский язык."
"Забавно, но фразы: Чайник долго остывает и Чайник долго не остывает обозначают одно и то же."
"СМИ 29.04.11: Путин: новый президент всем понравится. - Вероятно, следующим президентом будет доллар."
"Женская сущность: Я не всегда знаю, о чём говорю, но всегда знаю, что права!"
сегодня я помыл посуду протер полы и вытер пыль и даже постирал одежду хочу жениться на себе
"Многие девушки после секса просят сигарету, и только бухгалтер Ирина просит акт выполненных работ."
Надписи в лифте постоянно напоминают инженеру Сидорову о пробелах в воспитании дочери.
- Микроволновка работает? - Как часы! - Так не греет! - Только как часы и работает...
Раньше хотя бы два раза в месяц хотелось идти на работу. А потом ввели банковские карты.
"В советском кинотеатре идет недублированный западный фильм. Мужчина выходит из комнаты, а женщина кричит ему вслед: - Кастрато, импотенто! Переводчик: - Уходи, я тебя больше не люблю."
"Какое чудесное воскресенье. Какой чудесный апрель. А уж про то, какой красивый валит снег, я вообще молчу."
"- Тут в холодильнике, кажется, стоял йогурт. - Извини, дорогая, я его съел. - Нет, ты его не съел, ты его сожрал."
"Плохое зрение — это когда знакомых узнаешь не по лицу, а по походке."
"Штирлиц подошел к аэропорту, и дверь автоматически открылась. Узнала, - подумал Штирлиц."
"Господи, какой диссертационный материал пропадает! - горестно бормотал под нос директор института имени Сербского, наблюдая по телевизору за депутатами Верховной Рады."
"Много хорошего взяли у своего учителя его юные ученики - музыкальный центр, телевизор, видеомагнитофон, сотовый телефон и все рыжье."
"Если вам попалось объявление типа: «Купите автомобиль сейчас. Выгода 100 тысяч рублей». Запомните, речь идет не о вашей выгоде."
"Когда Бог создавал женщину предвидел ли он, что она станет тещей?"
"Чтобы раскрутиться, надо попасть в формат, но так, чтобы тебя не обрезало, и в струю, но так, чтобы не смыло."
"Экономическая ситуация в настоящее время настолько тяжёлая, что женщинам приходится выходить замуж по любви."
"Если была бы страна Говно, то там президентами были бы Алик и Леонид Хлыновский. А третьим гражданином Юрий Тартаркин с баночкой тухлых шпротов."
"Он был таким хорошим человеком, что его кончине обрадовался только Пенсионный фонд."
"Схема русской избирательной кампании: Депутат: - Я сделаю то, то и то! Народ: - Урраа, он сделает то, то и то!!! Голосуем! После выборов. Народ: - Ну когда же ты сделаешь то, то и то?! Депутат: - Да пошли вы туда, туда и туда!"
гаишник останавливает машину. спрашивает: вы знак видели? - да - сынок мой нарисовал...
"Тётя сидит в школьном коридоре и ждет свою дочь. Мимо проходит учительница: - Ждете ребенка? - Нет, я всегда такая толстая..."
"- Говорят, в Америке по улицам ходят пьяные американцы в шапках Санта-Клауса, в руке бутылка виски, в обнимку с медведем-гризли, играющем на банджо... - Погодка, однако..."
"Подари женщине милион хоть алых роз, Она скажет что ей нужна одна но белая!!!"
Найдена неизвестная картина Ивана Шишкина Утро в сосновом гробу.
При аварии машин ФСБ и ФСО виноватыми оказались приехавшие ГАИшники
В «Роскосмосе» прокомментировали разгерметизацию «Союза»- разгерметизация произошла после просмотра фильма Салют-7.
"Знаете, что больше всего бесит? Укус собаки, зараженной бешенством!"
Фракцией ЛДПР в госдуму внесён законопроект об ограждении граждан РФ от воздействия госдумы РФ. Депутаты организованно высылаются в Голландию.
"Киркоров - не вор. Он - Робин Гуд, который отбирает мелодии у богатых композиторов и отдаёт их бедному композитору Филиппу."
"Вот и сказочке конец. Уместились в три абзаца, - сказала Красная Шапочка, убирая в корзинку с пирожками штык-нож."
Плохая примета: прыгнуть с парашютом последним и быстро всех обогнать.
- Почему проблему решения проблемы с мусором российские власти начали с Арктики? - Там самый высокий показатель по стоимости килограмма вывезенного дерьма. Что поделать … Менеджер должен быть эффективным.
НОВОСТИ МАГАЗИНА-НА-ДИВАНЕ: Мухобойка Дайте мухе шанс с отверстием 1х1 см.
"На моей школе во дворе продолжает висеть табличка Избирательный Участок. Наверное, они что-то знают..."
- Что так сближает Уральские пельмени с народом? - Водка!
"- Нет, с солдатами больше никаких дел иметь не буду! - в сердцах заявила одна подруга другой. - А что случилось? - Да один кекс обещал мне, что после демобилизации тут же на мне женится. Но обманул, гад! - Сбежал, что ли? - Нет, остался на сверхсрочную."
Принято решение направить к берегам Турции флотилию атомных подводных лодок с гуманитарной помощью на борту.
"Еврейский Дед Мороз: -Налетайте дети, покупайте подарки!"
Наш премьер и швец и жнец и на дуде игрец и на танке ездец и за амфорами пловец. Вобщем полный п....ц.
"- Сёма, ты не забыл, нам нужно маме магнитик с видом Одессы привезти. - Ой, Сарочка, может быть, мы ей таки лучше холодильник сначала купим?.."
"С точки зрения судьбы совесть самое большое богатство. Обычно, если кому-то дается совесть, больше не дается ни хрена."
"С сегодняшнего дня высказывание Превед, Медвед! подпадает под действие УК РФ - от трех до пяти лет за оскорбление Президента."
"- Владимир Владимирович, Олланд сказал, что не будет с Вами встречаться. - И слава Богу. Не люблю я этих Воландов, Дракул и прочей чертовщины."
"- Зачем ты ловишь тараканов? Разве ты не понимаешь, что чем больше ты их ловишь, тем их меньше? - Я понимаю. Но, чем больше я их ловлю, тем оставшиеся толще."
"Сначала родители одевают девочек в розовое, а мальчиков в голубое, а потом возмущаются откуда берутся геи и лесбиянки. И только у родителей, которым насрать во что одеты их дети вырастают отличные натуралы!"
"Итоги 2016 года: выстояли и выжили! Но почему и за счёт чего непонятно. Чисто внешне работал только один Улюкаев. Он постоянно искал дно экономики. Но, видимо, перестарался, и его посадили."
"Лучше проснуться со страшной женщиной, чем с красивым мужиком."
"Не так труден путь к процветанию, как назойливы дураки, регулирующие движение."
"Муж с женой в картинной галерее. Женщина, глядя на изображение могучего оленя гордо стоящего на отвесной скале: - Какой красавец, прямо как ты. Муж, прикрыв оленю рога и испытующе глядя на жену: - А так?"
Функции фирмы Славянка после коррупционного скандала и смены министра обороны переданы компании Тувинка.
"- Правда ли, что русские терпеть не могут евреев? - Не могут, но терпят."
"Что-то до обидного непринужденно организмы с накачанными мышцами, бычьими шеями и узеньким лобиком вписываются в нашу донельзя инновационную экономику. Этак, пожалуй, подобные индивидуумы займут все 20 миллионов обещанных пять лет назад Путиным высокотехнологичных рабочих мест…"
"Чтобы люди не выбрасывали новый диск Димы Билана сразу после прослушивания, он разместил на нем расписание электричек, линейку и календарик на 2009 год. А чтобы как-то увеличить продажи, его решили записать на RW-диске."
"Спрятав дома все тапочки, чтобы кот в них не гадил, я, наконец, осознал подлинный смысл сказки Кот в сапогах!"
"Дружба ведь она разная бывает... Для меня собака - четвероногий друг, а для березы — трехногий враг."
Все флоты(а) мира бессильны перед сомалийскими пиратами. Похоже негр с калашниковым непобедим.
"- Почему каждый российский призывник обязан иметь при себе комплект сменного белья? - А вдруг обосрется, когда поймет куда он попал."
Мавроди приглашен в Египет для строительства новых пирамид.
"Ожидаем выход новой модели Автоваза: Lada Kalina Sasha Grey edition, в которой рычаг переключения скоростей будет торчать из водительского сиденья.."
"Пекарь в синагоге во всю глотку выкрикивает слова молитвы. Сосед говорит ему: - Уверяю тебя: если ты будешь орать меньше, а булки делать побольше и продавать их дешевле, Господь услышит тебя скорее."
"Идут две бабули с сенокоса. Мимо них проезжают два велосипедиста без голов. Одна баба другой: - Кино, штоль, снимают? - Ты бы, Матрёна, переложила косу на другое плечо!"
"Вывеска на похоронном бюро: Изготавливаем гробы, кресты, ремонтируем баяны."
"Когда Катя подтянулась 50 раз, физрук передумал оставлять ее после уроков."
В Москве ОМОН задержал 500 человек молодежи с белыми лентами. Думали - революция. Оказалось - последний звонок.
"Вчера корабль Гринписа подобрал в открытом море человека. Гринписовцы убедились, что с ним всё в порядке, и отпустили обратно."
В толерантной Европе даже собственнная валюта - среднего рода.
"Менеджер4: ПИД@Р!!! Менеджер4: извините, Александр Иванович, окошком ошибся. Я: Ничего, бывает. Менеджер4: Ну че, ты проспорил мне бутылку, я все-таки ему сказал это!! В логах все есть!! Менеджер4: оп, вот щас реально окошком ошибся... (c) www.batmann.net"
"без лжи, без слез и без обмана...любить умеет только мама."
"Мужик пришёл проходить медкомиссию на работу. Заходит к урологу. Тот ему: - Снимайте трусы! Мужик снял, уролог смотрит, а на члене наколка «Попробуешь?». Уролог: - Нууууу… И не стыдно вам?! - Так я и представить не мог, что когда-нибудь мужик будет предлагать мне трусы снять!!!"
"-Холмс, почему Россию не хотят принимать в Евросоюз? -Элементарно, Ватсон. Зачем убивать курицу, которая несет золотые яйца … Акындрын – 25.11.13"
"Мне, как умному человеку совсем не обидно и даже немного льстит, что меня - прослушивают, но мне очень обидно, что - прослушивают - всех."
Президент Украины Порошенко передал своим военным новые танки и БТР. Ополченцы Донбасса поблагодарили его за полученную новую технику.
"В результате не прекращавшихся в течение последних 90 лет дебатов, закрытое заседание актива ЕР приняло решение, что в 2009 году, универсальное объяснение всех проблем термином Разруха! уже не прокатывает..."
"Солдат с каждой почтой получает письма от возлюбленной. Ему все завидуют. Однажды, когда он открывает конверт, из него выпадает чистый лист бумаги. Все удивлены и вопросительно на него смотрят. Он смущенно объясняет: - Перед самым уходом в армию мы с ней поссорились. И с тех пор не разговариваем."
"и овцы целы, и волки сыты-правильно, волки ограничились пастухом и собаками"
"Как выглядит День сурка в Кремле? Если губернатор, выйдя из кабинета Суркова, не увидит свою тень, значит, денег занёс мало и быть губернатором ему осталось 2 недели."
"Бывший опер вместе с внуком сажает на даче смородину. Внук копает ямку, дед ставит в нее саженец, внук засыпает. - Дед, а примется? - сомневается внук. - Не бойся, - успокаивает его бывший опер, - Сажать - у меня рука легкая."
К мужчине в гости пришли маленькие зеленые человечки. Назвались глючатыми племянниками.
"Согласно исследованиям, треть британцев страдает от паранойи. Жители Великобритании считают, что за ними наблюдают или преследуют. Данные результаты были получены путем анализа электронной и SMS-переписки жителей Соединенного Королевства, а также записей с уличных камер наблюдения."
"- Так, Петька.. Бери карандаши, но, главное, не перепутай: Белые – в черный цвет, Анку – в розовый, Фурманова, суку, в голубой, а мы с тобой – оба КРАСНЫЕ."
"Мы отстаивали, отстаиваем и будем отстаивать до полного отстоя!"
"Зубная паста, намазанная на расчёску, довольно точно характеризует моё утреннее состояние."
"- Лешка, ну ты ж генеральный директор?! Ну, возьми меня по-корефански на работу. - Ну, я могу, но есть определенные требования: мужчина до 30 лет, знание компьютера и английского языка обязательно. - Как интеллигентно ты меня послал."
"Обсуждение описания к вибратору на форуме: - При синхронизации с мобильным приложением ZOO открывается доступ к 16-ти режимам вибрации. - А можно в приложении добавлять друзей и смотреть достижения, как в спортивных программах?"
"- Скоро выборы, а мы – электорат. - Скоро спектакль, а мы – массовка."
Слышать внутренний голос - не сумасшествие. Сумасшествие - начать с ним спорить.
"Вечер. Маршрутка. Один из пассажиров вдруг, вспохвотившись, пытаясь что-то разглядеть в окно говорит: - Ой, а мы сейчас где? - В маршрутке - отвечает водитель."
"Психиатр в сумасшедшем доме разгадывает кроссворд. — Так, место рождения Наполеона, семь букв... Поворачивается к одному из психов: — Слышь, придурок, ты где родился-то? . ."
"Приехав в деревню, немцы принялись ловить кур, резать свиней, гоняться за бабами, и только спустя полчаса гиду удалось успокоить пожилых туристов из Германии."
Есть у меня один сомнительный знакомый. При встрече с ним я начинаю сомневаться: знакомы мы или нет?
"Иногда, помывшись, побрившись и аккуратно причесавшись, хочется нажать Sаvе"
"Президент Медведев за короткое время объездил Латинскую Америку, посетил Индию, собирается в Италию... Теперь ясно, чем он займется после 2012 года - будет вести Клуб кинопутешествий."
Шла шаша по шосе..Шла сасша по соше... Бля... Передвигалась Александра по автомагистрали и употребляла сухое хлебобулочное изделие.
"Новость на РБК: Однокурсник Путина подозревается в хищения недвижимости на 10 млрд рублей(с) Судя по всему, у них на курсе все такие...смышлёные"
"Поручик Ржевский говорит другу: - Никак Машку на это дело не могу уломать, но я уже многого достиг, вчера она мне уже разрешила под юбку рукой залезть! - Ну, и что ты почувствовал? - Это... Как бы тебе объяснить?... Ты когда-нибудь кормил с ладони лошадь?"
По результатам опроса Что лучше Nikon или Canon? с большим отрывом победила Единая Россия.
"В супермаркетах, по большому счёту, продаётся только две вещи — мешки для мусора и мусор для мешков."
"Чтобы перебить запах несвежих носков, экипаж МКС вырастит на орбите урожай гороха."
Занимались важным делом – обводили рубль мелом. (Из доклада Правительства)
"Вроде правоохранители, а ведут себя как правообладатели."
"На сельских дискотеках появился новый вид развлечений. Ведущий объявляет белую драку, и дамы лупят своих кавалеров."
"Когда Левко Макогоненко (пасынок кривого головы) был маленьким, он любил ходить в лес за грибами. И повстречалась ему панночка-утопленница с русалками... В общем, классные были грибы!"
иномарка горит со средней скоростью сто баксов в секунду.
"Британские учёные открыли, что Чарльз Дарвин, оказывается, тоже был британским учёным. И среди нас встречаются учёные! - обрадовались британские учёные."
"Перед тем как войти в палату буйных наполеонов, доктор надевал на один глаз черную повязку..."
"Актуальная проблема человечества: Что посмотреть, пока ешь перед компьютером?"
"В детстве бывало поймает тебя дядька на воровстве яблок, ты плачешь и умоляешь, чтобы отпустил. Сейчас детям проще. Достаточно крикнуть «Помогите! Педофил! » и уже дядька плачет и умоляет…"
"Причина нашей бедности заключается в непонимании того, что благосостояние растет только благодаря умножению, а не делению."
"Василий Петрович из Калуги, собираясь на охоту, по ошибке взял сигареты сына, и уже к обеду, на лесной поляне, застрелил трех жирафов."
Что-то ничего не слышно об уничтожении санкционного алкоголя. Видать святое...
"Я против Путина, но такой кнопки у вас нет. Расскажу анекдот. Товарищ Леонид Ильич загорает на пляже в Ялте. Подбегает бездомная собака, начинает пятки лизать. Брежнев, не открывая глаз: ну товарищи, это уж слишком! Даже Брежнев это понимал!"
"ЭТОТ ДЕНЬ В МИРОВОЙ ИСТОРИИ 4 октября 1948 - Принято постановление Совета Министров СССР про выселение семей бандитских и националистических элементов. Увы, оно было выполнено из рук вон плохо, зачистка была неполной. В итоге Украина через 43 года поплатилась смутой и развалом. © Алик, хронолог"
"Украинские ВВС собираются пополнить самолётами-беспилотниками. Тем временем, ополчение исправно пополняет украинские ВВС пилотами-бессамолётниками."
"В детском садике воспитательница спрашивает детей: - Дети, кто от бабушки ушел, кто от дедушки ушел? - Колобок!!! - А ты, Вовочка, что скажешь? - Это - глава Пенсионного фонда, который с деньгами пенсионеров в Лондон свалил."
"На Хэллоуин девушка Люся в шутку нарядилась в костюм путаны, но наутро подсчитала заработанные деньги - и вдруг её озарило..."
"Самолеты падают, ракеты не летают, вооружение устарело, склады со снарядами взрываются... Самое время ввести оранжевую форму у работников ВПК."
"Мужик рассказывает в компании приятелей: - Она долго не могла родить мне ребёнка, поэтому я собрал вещи и ушёл к другой женщине... - А сколько это - долго? - Врачи из роддома сказали, что в общей сложности часов десять."
"Стоимость нового пылесоса оказалась выше того, на что рассчитывала покупательница. - В нашем магазине проходит акция, - сообщил продавец. - Мы можем обменять старый электроприбор на новый с доплатой. У вас дома что-нибудь валяется без дела? - Да. Мой муж."
"Рассказывают, что президент США Рузвельт как-то предложил маршалу Сталину поесть гамбургеров в негритянской забегаловке. Маршал улыбнулся незатейливой шутке американского коллеги и подумал: Если он сейчас еще пообещает подарить мне телефон, то не видать ему Западной Европы как своих ушей..."
"Производим херню на любой вкус и любых размеров, недорого, возможна доставка на дом."
"Лауреатом Нобелевской премии по экономике впервые стала женщина. Это первая в мире женщина, которая смогла сходить в супермаркет, имея 1000 долларов в кармане, и купить за 5 долларов ровно то, что ей нужно было до захода в магазин, не покупая больше ничего из того, что она там видела."
"Девушка (Д) на остановке, рядом грузин (Г). Июль, жара, девушка начинает махать краем юбки вверх-вниз, вверх-вниз. Г: Мыть... Д: Чево??? Продолжая махать ... Г: МЫЫТЬ... Д: Чаво вам??? Продолжая махать ... Г: МЫЫЫЫЫЫТЬ надо, а не проветривать!!!"
"Инструктор новичку водителю - поставив ноги на педали, помни, что одной ногой ты уже почти в могиле, а второй - в тюрьме."
"у армянского радио спросили: почему ВВП, являясь председателем партии ЕР, не является ее членом? радио ответило: ВВП мужчина чистоплотный и куда попало свой член не суёт"
"В 18 я начал пить, в 19 курить, но строго в 21:30 лёг спать."
Для опытного бармена сделать кофе с пенкой - плёвое дело.
Груз древесины с *Арктик Си* доставлен. Все бревна успешно поставлены на боевое дежурство.
"51% бытовых травм происходит после слов:Смотри, как я умею!, остальные 49% после слов: Дура(к), смотри как надо!.."
"Зачем Джордж Буш ведет столько войн? Ликвидирует пробелы в американском образовании. Теперь американцы знают, что есть такие страны как Иран и Ирак. Они даже уже начали догадываться, что это разные страны. Скоро будут знать географию."
"Понять, что стоишь на дороге-можно только встав на неё..."
"Человечество хочет перевернуть мир, не отрывая свой зад от дивана, стоящего перед работающим телевизором..."
Смотрите на рабочем столе! Новая папка 3! От создателя Новая папка и Новая папка 2!!
Закончен градостроительный проект технопарка Сколково. В нём будет 256 Силиконовых проездов.
"Советская власть боялась кулаков, потому что они могли осмелиться показать ей кукиш."
"Вышел Ходорковский на свободу, купил домик в Англии. Сидит, закатом над Темзой любуется. Подходит дворецкий, ставит перед ним поднос. - Что это? - Овсянка, сэр. Михаил Борисович грустно размазывает кашу по тарелке: - А в тюрьме сейчас ужин... Макароны..."
Из сообщения пресс-секретаря МВД: указанный гражданин арестован за сопротивление при аресте.
Если нет времени на дела - попробуйте отключить интернет.
"Маньяк посыпал ядом 100000 долларов и пожертвовал их детскому дому..... Погибли 10 депутатов, начальник полиции, мэр и его зам, местный архиепископ. Ни один ребёнок не пострадал."
"- Докажи теорему Ферма, только на уровне 16 века, а тогда ни производных, ни интегралов, ни модульных чисел не было? - Здорово было!!! :)"
"Вижу, идея о новой мере наказания пожизненное условно всерьез овладела умами населения. Пришла, видимо, пора официально ввести в законодательство за особо тяжкие преступления следующую давно уже предлагаемую прогрессивной общественностью высшую меру наказания: - Пятнадцать суток. - Расстрела. - Солеными огурцами."
"Попросившись у бдительной хозяйки в туалет, цыгане, так не сумевшие ничего украсть, от отчаяния выпили воду из бачка и украли метр туалетной бумаги."
"У победы много отцов, у поражения только беглые алиментщики."
"- Нда... Вот так прочитал подросток Набокова - пошёл малолетку изнасиловал. Прочитал Достоевского - старушку топором зарубил. А ежели Тургенева - собачку утопил. - Надо бы все упоминания про Сусанина запретить, а то до международного конфликта недалеко..."
"- Слушай, у тебя не найдётся пары свободных минут? - Найдётся. А когда вернёшь?"
"Старый я уже по бабам-то бегать, несите-ка их всех сюда!.."
"В Норвегии борьба за равноправие полов достигла своего апогея - теперь женщин в обязательном порядке будут призывать на службу в армию. По логике, следующим шагом должно стать возложение на мужчин обязанности самим рожать детей."
"- Как выяснилось, мимо бабушки в будке внизу эскалатора в день проходят 123 интеллигента вшивых и 567 проституток крашеных."
"Вчера проконсультировал своего друга за границей о том, что наш самолет СД-100 гавно. Сегодня меня забрали в ментовку за разглашение гостайны, хотят впаять ст. 58 за госизмену."
"Выдержка из анкеты кандидата на работу. В графе Дополнительная информация, которую вы хотели бы нам сообщить написано: Наверняка мало кто знает, что в природе существуют голубые пингвины. Их ещё называют австралийские, малые голубые или пингвины-эльфы."
"Куршевель. Российский олигарх пригласил Ксению Собчак в фешенебельный ресторан. - Официант, принесите для начала коньяк, шампанское и чего-нибудь закусить. - Если я вас правильно понял, мсье, вам - черной икры, вашей даме - удила?"
Роман Абрамович решил прикупить футбольный клуб просто для себя любимого:Рома.
Центризбирком приказал автозаправкам срочно убрать столбы с ценами на бензин так как агитация против одного из кандидатов запрещена.
"Найденные недавно эскизы и наброски к картине Малевича Черный квадрат убедительно доказывают, что на полотне на самом деле изображен параллелепипед в профиль. Это был не правильный перевод. На самом деле Малевич изобразил выпускника Гарварда - вид сверху."
Рыцари плаща и кинжала предпочитают дам стрингов и шеста.
"Когда я вижу что-нибудь смешное, я прямо весь трясусь от смеха. Поэтому я всегда хожу небритый."
"Правительство России наконец-то выяснило, что главной причиной убыточности российских предприятий являются неравные условия по отношению к иностранным конкурентам, а именно тот факт, что российские предприятия расположены на территории России, а иностранные -- за её пределами."
"- Пойдемте к Гудвину! Он даст мне умные мозги! - А мне - доброе сердце. - А мне?! - А ты, Элли, будешь донором..."
Весна пришла! А Барсику не весело... Барсика кастрировали.
"Западенец: Як же я кохаю китайских геев: воны жовты, та воны блакитны!"
- А давайте Митю разыграем и вместо лимонада ему в стакан водки нальем!  - А давайте лучше меня так разыграем!
э-эххххх!!!!! если б не египтяне с саудитами ......из группы на точняк вышли!
"Перед встречей с Фиделем Кастро в ходе латиноамериканского турне на ЧМ-2014 Путина предупредили, чтобы он не хлопал Фиделя по плечу: одряхлевший команданте может рассыпаться на мелкие революционные кусочки."
Знакомство в Интернете: - Hi! Where are you from? - Hi! I from Russia. And you? - I from France. - Vresh! - Chestnoe slovo!
В американском варианте мультфильма про кота Леопольда мыши были бы черные.
"Вышла на улицу - никого. Зашла в Одноклассники - здрасьте вам, вся деревня тута."
"То чувство, когда круги под глазами достигли большего, чем ты."
Теперь в магазине глядя на состав продукта и не поймешь в каком ты отделе: продуктовом или бытовой химии.
"Для тех, кто не запароливает Wi-Fi, зарезервированы места в раю."
"Мальчик, гостивший в деревне у бабушки и провалившийся в выгребную яму в деревянном сортире, теперь знает, что означает выражение «слабый пол»."
Из новостей: - Оригинальный способ утилизации старых космических Спутников нашли специалисты из Центра управления полетами....
Внимание! Уникальное предложение! Только до 31 декабря - распродажа автомобилей Mersedes S-класса! Пенсионерам и студентам - предновогодняя скидка 10%!
"Сенсация! В лесах Костромы был найден памятник Ивану Сусанину: 400 польских скелетов, образующих слово КОЗЕЛ!"
"- Мне страшно отправлять резюме в компанию, где в графике работы пишут с 9.00 до 17.00, а сама вакансия на должность выложена на сайте в воскресенье в 3 часа ночи..."
"Известный ученый-зоолог, доктор биологических наук, профессор Лев Карпович Фаунский сомневается в правильности утверждения, что все мужики - козлы. Скорее всего, - предположил профессор, - люди, утверждающие это - дуры!"
Басманый районный суд города Москвы приступил к рассмотрению законности передачи Аляски...
"Никак не мог найти свою чашку - думал, разбилась. Оказалось, кто-то из бывших за последние четыре дня гостей помыл её и поставил на полку для посуды."
Третичный половой признак - военный билет. Вспоминаем об этом только 23 февраля.
"- Здравствуйте, тут у нас во дворе сосед как всегда припарковался прямо на детской площадке, где играют мои дети,... прошу принять меры. - Хорошо, мы примем меры, эвакуатор уже едет. - Спасибо большое, а то я уже и не знал куда мне парковаться. BestBash.org"
Хороший праздник Масленица - можно пойти и сжечь новогоднюю ёлку...
"Захотел выяснить, какой стороной класть документ в сканер, заглянул в инструкцию, а там написано: Положите правильной стороной."
"- Я всегда видела перед собой цель и ее добивалась, – хвасталась зенитка."
"Говорят когда эстонский перзидент был маленький у него умерла бабушка. Родня похоронила ее, а он пробрался ночью на кладбище и выкопал ее, сравнил с фотографией и перезохоронил. Теперь никто не знает где она похоронена. Зато ему понравилось"
"От достойного противника больше пользы, чем вреда от отстойного союзника."
"Группу, которая в Следственном Комитете занималась коррупционными схемами, расформировали за чрезмерный схематизм в работе."
"Подумываю открыть свою передачу в формате ток-шоу. Будет называться Пусть не пиздят. Все будут сидеть и молчать, иногда чесаться."
"Труппа мюзикла Кошки была уволена в полном составе, потому что часто ходила к директору на ковер."
Современный украинский учебник истории: - Любое совпадение с реальными историческими фактами является чистой случайностью.
"Курсант британского военно-морского училища сдавал экзамен. Принимавший экзамен адмирал попросил курсанта назвать имена трёх самых знаменитых английских адмиралов. - Нельсон, сэр, - начал курсант, - затем Дрейк и... Прошу прощения, сэр, как ваше имя?"
"По статистике, 86% россиян только имитируют ненависть к американскому доллару."
"Народы Шотландии, Каталунии, Страны Басков - потребовали ускорить проведение Олимпиады !!!"
В музее восковых фигур Мадам Тюссо Андрей Аршавин изображен сидя на скамейке.
"Зная вашего сына, можно с уверенностью сказать, что дерево вам сажать уже не нужно, - из разговора учителя начальных классов с отцом ученика."
"В Воронеже задержан фальшивомонетчик-профессионал. По фото практически невозможно определить, где настоящая купюра, а где подделка."
"Объявление. На постоянную работу требуются нетребовательные люди, которые готовы честно сидеть на рабочем месте восемь часов с перерывом на обед за небольшую зарплату. Есть возможности для роста - потолки в офисе высокие."
"Муж в командировке. Приходит СМС: Уважаемый абонент! Сообщаем вам, что ваш супружеский долг погашен."
"Самолет Ан-24, совершивший в июле 2011 года жесткую посадку на Оби, не прошел предполетный осмотр. Cотрудники компании Томск-Авиа не провели осмотр двигателя на предмет наличия в нем стружки, тараканов, косточек от вишен и прочей хрени, которая любит забираться в двигатель в отсутствии летчиков."
В автобусе девушка нежно гладит своего котенка. Сидящий напротив мужчина решыл пофлиртовать. - Хотел бы я оказаться на его месте! - Вряд ли: я везу его на кострацию.
"Если кто тебя обидел, ты не дуйся не сердись. Подойди, по роже тресни, отойди и улыбнись!"
"Объявление: Надежный, с самыми серьезными намерениями, крепко стоящий на ногах, не стесненный в финансах и не обремененный обязательствами, ценящий трудолюбие, чистоту и порядок, хозяйственный магазин познакомится с симпатичной уборщицей до 60 лет."
"Только мальчики не умеющие пользоваться штангенциркулем, используют линейку не по назначению."
"В магазине женщина выбирает метлу. Перебрала все, что было, потом заставила продавца принести все со скла-да, потом снова перебрала все сначала - и так два часа. Наконец она сделала свой выбор. - Вот эту. - Мадам, вам завернуть или так полетите?.."
"Порошенко совершил полет на истребителе МиГ-29. Теперь ему осталось утопить атомную подлодку, проехаться на Таврии, поймать щуку, килограмм на 20 и развестись..."
"В Госдепе США заявили, что любые референдумы, проводимые без печенек Виктории Нуланд, являются нелегитимными."
"На корпоративе провели конкурс, кто быстрее справится с Чупа-Чупсом, так, для прикола. А шеф по итогам выбрал себе новую секретаршу."
"По инициативе мэрии в нашем доме проведен ремонт лифтов силами нанятых гастарбайтеров. Лифты поставили красивые, с поручнями, зеркалами, яркими большими кнопками. Жаль пользоваться нельзя - гастарбайтеры по-прежнему в них живут."
"Если ты не можешь вспомнить кого-то, забудь его, он не достоин твоей памяти"
"Новости: - ... И лейтенант полиции должен получать не менее 33 тыс. руб. Вывод: Учителя избивайте учеников, вымогайте деньги с родителей и вы тоже получите достойную зарплату!!!!"
Партия Единой России /ПЕдРо/ решила награждать своих членов партийными орденами и медалями и учредила 1. значок Член ПЕдРо 2. медаль Стальной член ПЕдРо 3. орден Несгибаемый член ПЕдРо
"Наша бесплатная медицина такова, что подчас вылечить геморрой уже само по себе геморрой. © Ivan Fuckov"
"Лето. Утро понедельника. На общем построении в вертолётном полку половина офицеров - в тёмных очках. Командир полка прошёлся вдоль строя и спрашивает: - Вы что, товарищи офицеры, всерьёз думаете, что очки и запах отбивают?"
"Зураб Церетели обратился к президенту Польши Качиньскому с предложением о создании монументального памятника вечной польско-американской дружбе. Маэстро уверен, что ему удастся уговорить позировать и Билла Клинтона, и Монику Левински..."
"Решением совета безопасности ООН, 2011-й год объявлен годом американской культуры в Ливии."
Посыльными в государственных учреждениях в основном работают посетители. Их посылают и посылают...
"- Здравствуйте, я на собеседование. - Здравствуйте, вы на собеседование? - Я всегда думаю на один ход вперёд. - Какие ваши сильные стороны?"
"В целях предотвращения терактов в московском метро Николай Патрушев предложил прекратить продажу билетов на 1 поездку. (с) MoonWolf, 2010"
"Англичане на олимпиаде показали мистера Бина, Пола Маккартнм и Джеймса Бонда. А Мы, как наивысше достижение в Сочи покажем Евсюкова, Гундяева и Бастрыкина."
"Каждый соискатель учёной степени должен знать, что для успешной защиты своей диссертации от идиотов он не должен превышать необходимую степень самообороны."
"- Придется посадить вас на диету. Понедельник - яблоки, Вторник - рыба, Среда - только минеральная вода... - А минералку можно на понедельник перекинуть?"
"В приемной президента топтались известные режиссеры. Федор Сергеевич - спросил глава государства у Бондарчука, - Я еще понимаю Звягинцев откроет сеть рюмочных Левиафан, а Вы то куда ? - А я открою сеть турагентств Обитаемый остров"
"американские врачи прооперировали грузинского премьер-министра, больше не надо тратится на круглосуточного контроллера-американца, теперь министром управлять через океан при помощи сотового телефона."
"Хорошая машина должна быть удобной, быстрой, надёжной и танком."
Инспектору ГИБДД пришлось вытаскивать утопающего водителя из упавшего с моста в реку автомобиля. Чтобы изъять штраф. © konde13
"- Я должна отомстить! Я должна люто отомстить!.. Да! Я напою его в хлам, отвезу его домой, раздену его догола, уложу на кровать, накрою одеялом - и уйду, оставив на столе записку: Ты был прэвасходэн. Цэлую, твой Гиви!"
Офисные сотрудники от безделья начинают мыслить креативно.
"RE: -Что общего у самолета Як-40 (окурка) с западноукраинским нацистами (бендеровцами)?- И то, и другое - шумное жлобство. А боинги и расейские шовинисты - значит, тихие лапочки?"
"В Варшаве собрались восточные страны НАТО - Украина, Польша, Румыния, Болгария, Молдавия, Венгрия, Литва, Латвия, Эстония, Грузия и создали новый Варшавский Договор..."
"Дарвину для подтверждения своей теории о происхождении человека от обезьяны не хватало переходной формы. В наше время он бы сделал это легко, так как обратный процесс происходит прямо на глазах."
"Белоруссия и Украина «скрестили» «БелАз» с Запорожцем» - получили самую лучшую в мире мобильную ракетную установку, за которой тут же выстроилась очередь покупателей. Но сами скрещиваться пока не хотят."
"- Рафо джан, я слышал у тебя сын родился, как назвали? - В честь Гагарина! - Юрик, что ли? - Неее, какой Юрик? Гагарик!"
"Водолазу, который находился на морском дне, передали по телефону с палубы корабля: Поднимайся скорее, мы идём ко дну!."
"Запер как-то папа Карло Буратино с Мальвиной в сарае, чтобы они ему дровишек на зиму заготовили."
- Почему правительство повысило пошлины на подержанные иномарки и так жестоко расправилось с недовольными торговцами во Владивостоке? - Всему виной банки - скоро они станут самыми крупными держателями слегка подержанных автомобилей и устраняют конкурентов.
"Мне подарили полотенце с голым мужчиной.  Полотенце мужу понравилось, а мужчину он выгнал."
"- Темно у вас в подъезде! - Да, как у Малевича в квадрате..."
"Посмотрев передачу Кто хочет стать миллионером с Даной Борисовой, 25-летний шестиклассник школы для умственно отсталых Вовочка Сидоров вдруг понял, что у него в жизни ещё ничего не потеряно."
Гомер прочитал 100 книг и написал одну... Грибоедов прочитал 200 книг и написал одну... Дарья Донцова прочитала этикетку от шампуня - и вдохновилась!
"Лучше с Петровной на Майорке, чем с майоршей на Петровке."
По-пьяни зарядили мышеловку на даче сторублевкой. Теперь у тестя палец сломан.
"Повтор, но все так же актуально. Одесса. Парикмахерская. Клиент: - Постричь, побрить, покрасить, подровнять усы и бороду! Заказ принят, исполнен. Клиент (глядясь в зеркало): - Мне не нравится! - Таки шо вам не нравится? - Всё! - Так какого [... ] вы начали с парикмахерской?"
"Из переписки: - Препод заболел. Экзамен по русскому на послизавтра пиренисли. - Да, сорвалась пятерка…"
"Говорят, что дурной пример заразителен. Кроме Шараповой, подали заявки в ЗАГС на смену фамилии: Бекхэм – на Армани, Овечкин – на Джиллет-Энерджайзер, Аршавин – на Пепсилейс, Азаренко – на Редбулка."
"Властная дама долго выбирает, покупает электронную фоторамку за 4000 рублей. Перед выходом из магазина звонит(видимо мужу): - Алло, ну все, я Сашке на окончание сессии Айпад купила..."
"Проблему плохих дорог можно решить очень просто, достаточно начальника\подрядчика который выполняет эксплуатацию\ремонт дорожного полотна посадить в тачку, приковать к рулю наручниками и на пасажирское место поставить 3-х литровую банку с НИТРОГЛИЦЕРИНОМ."
"В 2012 г. метеорологическая служба получит в свое распоряжение сверхсовременную аппаратуру, которая позволит метеорологам предсказывать температуру с точностью до 20 градусов Цельсия."
"Пока оптимист с пессимистом спорили о том, пуст ли стоящий на столе стакан наполовину или наполовину полон, судебный пристав заполнял протокол и вслух читал понятым: - Стол - 1 шт., стакан стеклянный гранёный - 1 шт., жидкость прозрачная в стакане - примерно 125 мл..."
Из библиотеки летучих мышей: Искусство срать вверх ногами (Д. Лодж)
"Поздним летним вечером на неосвещённой улице перед маршруткой перебегает дорогу негр. Водитель маршрутки резко тормозит с криком: - Бля, белая рубашка бежит!.."
"И почему на всех фотках, сопровождающих рекламные материалы о быстром излечении простатита, представлены молодые цветущие мускулистые мужчины? Да ещё с прекрасными девушками! Эти красавцы что – больные простатитом?"
"Полезный совет. В некоторых делах палку лучше не перегибать, а кидать как есть."
"Прапорщик милиции заявил, что его искусал Гарри Каспаров. Поклонники шахмат с надеждой ждут полнолуния."
"В общественном туалете, Джигурда, на стук в кабинку, ответил: «Занято!». Чем и запустил у стучавшего процесс, ради которого тот в туалет и пришел."
"Дергая одноклассниц за косички будьте готовы к тому, что лет через двадцать они начнут звонить по ночам и пьяными голосами требовать встречи."
Прокурор Крыма стала героиней игры http://gamanoid.ru/news/prime_world/prokuror_kryma_stala_geroiney_igry
"- Андрюха, я женюсь! - На ком? - Ну, с кем я дружил все эти годы? - Э... На мне, что ли?"
"- Вот блин! Купил десяток наушников, бесконечное множество переходников, две звуковые карты, и всё равно: правый канал звучит тише левого. А сегодня врач сказал, что я, оказывается, правым ухом слышу хуже..."
Омский шинный завод выиграл тендер на поставку автошин для Формулы-1 в количестве 2000 штук.... для ограждения трассы.
- И пошел он куда глаза глядят... - И уперся он в сиськи?
"Знал бы Петр Великий что из Санкт-Петербурха приедет Дима Мелкий, заложил бы город на Колыме."
Закон сохранения везения: Если ты перебежал на красный - кто-то не перейдет на зеленый!
"В магазин ""Все для нытиков"" завезли прошедшую половину лета и плохую погоду."
"Когда Борис Николаевич Ельцин попросил подобрать какого нибудь путёвого парня, то он имел в виду вовсе не фамилию, а порядочность. Но его не так поняли."
"Остановка строительства и изменение проекта скоростной трассы Моск­ва — Санкт-Петербург могут стоить бюджету 2,5—3,5 млрд руб. Если я срублю дерево, то меня оштрафуют на тысячу. Если срублю квадратный километр леса - мне разрешат построить там дорогу."
Из-за аномально тёплой погоды в ЖКХ не добрали платежей за отопление. Придётся теперь повышать тарифы на тепло. По просьбе известных трудящихся.
"Кевина Спейси обвинили в домогательстве к 14-летнему мальчику. В ответ Спейси признался, что он гей. Алиби, конечно, так себе."
"Если просмотреть Олимпиаду в обратной перемотке, в середине церемонии Дмитрий Анатольевич проснется."
Леониду Развозжаеву предъявлены обвинения в незаконном пересечении границы и контрабанде мешка на голове.
"По причине падения рекламного рынка СМИ Минкомсвязи махнуло рукой и вслед за алкоголем и табаком разрешило рекламу наркоты, оружия и шлюх."
"История повторяется. В начале 20 века власть в России захватила шайка большевиков из Питера. Результат - гражданская война, голод и неисчислимые беды. В начале 21 века власть в России опять захватила Питерская шайка. Добром это не кончится..."
"По олимпийской трассе бегут два российских биатлониста. Внезапно один снимает винтовку, сворачивает в кусты и кричит второму: - Юра, беги, я прикрою....."
"Дочь возвращается домой из садика и бормочет: - Брехуны вы все! Аист меня принёс, в капусте меня нашли, в магазине купили... Сказать, откуда я появилась?.. А завтра ещё узнаю, как я туда попала!"
Родители! Храните презервативы в доступном для ваших детей месте! Иначе будете нянчиться с внуками...
"Сергей Безруков, когда весной ходит в лес за берёзовым соком, не втыкает в деревья трубки: он читает Есенина, и берёзы сами плачут ему в банку."
- Что лучше: синица в руках или журавль в небе? - Лучше всего - двустволка в руках!
"Как в Ливии беспорядки, так Медведев рассказвыает: Россия осуждает применение силы против мирных граждан, санкционированное руководством страны... а как в нашей стране беспорядки, так cо всеми разберемся."
"Супруги собираются в ресторан. В кресле сидит уже одетый муж. В комнату заглядывает толстуха-жена и, поправляя лифчик, спрашивает: - Вася, какое мне платье одеть? - Любое одевай! - отмахивается муж, - хотя нет! Шёлковое одень, мне будет легче с тебя пальто в гардеробе стащить!"
"Депутаты предложили запретить западные фильмы, в которых показывают дорожных полицейских не берущих взятки. Как заявил один из авторов законопроекта: Такие фильмы являются неприкрытым издевательством над российскими традициями."
Встретились лампочка Ильича и лампочка Анатольича. Победитела молодость.
"Помните, как в Криминальном Чтиве - Траволта возмущался молочным коктейлем, в ночном клубе, за 5 долларов? Думаю, зайдя в обычную московскую кофейню, и увидав самый обычный кофе, по 12 долларов, он начал бы там стрелять из автомата..."
"Сборная России по футболу вновь пополнила ряды сексуальных меньшинств, показав всему миру что они у нас есть, получают самую высокую зарплату и полностью соответствуют европейским стандартам наравне с Англией, Испанией и Италией."
"Читаю сегодня в новостях науки: Наконец найдена универсальная вакцина, что действует против абсолютно всех вирусов гриппа Первая мысль : А у этой вакцины нет такого побочного действия, что мертвые начинают ходить?"
"- А я вот женился недавно. На лягушке. Так вот, ударилась она оземь и обернулась прекрасной царевной. - Блондинка? - Ага. - Красивая? - Ага. - Умная? - Да как сказать. Слишком сильно ударилась."
Уровень похудения к лету:  1. Ложусь с краю  2. Жду волчка
"Римляне были в шоке, когда пьяный Обеликс в ушанке раскидал их за считанные секунды с криками: С дороги! Я - почётный удмурт!"
"Регистратура клиники по лечению сексуальных расстройств: - Дедушка, еще раз объясняю, вы невнимательно слушали нашу рекламу. Да, мы увеличиваем размер, НО НЕ ПЕНСИИ!"
"Шок! Сенсационное открытие сделали российские учёные! Выяснилось и доказано, что происхождение людей имеет три ветви: 1. Все богобоязненные люди произошли от Адама, сотворённого Богом; 2. Атеисты произошли от обезьян; 3. А все, кто лезет во власть, произошли от тараканов."
"Если бы мне 4 года назад сказали, что я буду так кайфовать от кефира с яблоками и гречки с вареной курицей, то я бы подавился своими чипсами..."
"Потрясающая безграмотность. Девяносто из ста опрошенных школьниц уверены, что за дательным падежом сразу идёт родительный."
"В ответ на выпуск немцами женских духов Vulva с запахом женских феромонов, отечественный производитель выпустил мужской одеколон Пиздец всему с запахом перегара. Ник"
"Суд. судят маленького мойшу, за изнасилование гувернантки. В качестве адвоката выступает мама мойшы. - Уважаемые судьи, как этот маленький мальчик мог изнасиловать??? Снимает штаны с сына - и вот этой пипиркой он мог что ли бо сделать?? - Мама хватить теребить писечку, процесс проиграем!"
"Железный занавес убрали те, кто заставил поставить железные решетки и двери."
"- Абрам, а как Вы заработали первые деньги? - помню, подобрал на мусорке старый шкаф, который сосед выкинул, взял у него на выходные лобзик и пилу , попросил немного краски взаймы, а в понедельник продал ему стол и 2 табурета."
"Если при коммунистах, потом при бандитах и сейчас в капитализме вы живёте одинаково хреново, значит общественный строй тут не причём."
Происшествия: сегодня в Москве при попытке помешать проведению гей-парада после команды из толпы Мочи пидарасов! были избиты находящиеся неподалеку два инспектора ДПС.
"Мужик лежит в больнице. К нему подходит доктор: - Продайте одну почку и одно легкое за 50 тысяч долларов. Мужик отказывается. Доктор настаивает. Мужик кой-как отбивается, выходит на крылечко покурить. И тут на него какает птичка. Мужик: - К деньгам! Ох, хреновая примета! Ох, хреновая!"
"Застрял парень в лифте, нажимает кнопку вызова лифтёра. Слышит: - Якщо вы бажаете розмовляти украиньскою мовой, наткните один, если вы говорите по-русски, нажмите два. Парень подумал и нажал на два. Слышит: - Ну шо, москальку, застряв?"
В связи с изменением экономической ситуации в России профессионально-техническое училище проводит дополнительный набор учащихся для обучения по специальностям валютная проститутка и фарцовщик.
"-Фима, а ты знаешь какой национальности были Бандера и Петлюра? - НЕ МОЖЕТ БЫТЬ!"
"Исламский терроризм придумали для того, чтобы оправдать американский."
"Есть предложение переименовать МинЭкономРазвития в связи с полной непонятностью его деятельности в Министерство Странных дел. и звучать будет красиво - Лавров - Министр Иностранных дел, Улюкаев - Министр Странных дел. А главное никто не будет всерьез воспринимать его прогнозы"
"Традиционную Фразу, которую копы говорят захваченным преступникам в голливудских боевиках, следует внедрять в сознание каждого человека, когда он только появляется на свет: С этого момента все ваши слова могут быть использованы против вас."
"На киностудии Чукотка-фильм снимается фильм Молодая гвардия. В тайге стоит чум. В чум стучит человек. - Кто тама? - Гестапо! Партизана Олега Кошевой дома? - Нет Олега Кошевой пошел в тайгу листовки клеить, мосты взрывать! - Передайте, что приходила гестапо и очень-очень ругалась."
"Утром ехал в автобусе, задумался, и выходя на своей остановке, на автомате громко всем сказал: «До свидания». Потом дошло, что сморозил глупость, притормозил в дверях и обернувшись, вдруг добавил: «А, впрочем, прощайте». Вы бы видели, как они все за мной выпрыгивали."
- Ты туфли новые купила или опять в стрингах? - (удивление и немой вопрос в девичьих глазах) - Ну злая какая-то... ругаешься... жмут?
- Ну как у тебя на личном фронте? - Как на севере диком. - ??? - Стоит одиноко.
"Лидер КПУ Симоненко был замечен в Вене. Там он испытывает Запад на прогнивание, а также примет первым всю тяжесть вступления Украины в ЕС..."
"Идя навстречу пожеланиям трудящихся, все цены на продукты , автомобили, бытовую технику и т.д. в рублях, зафиксированы, по курсу доллара 80 рублей - Но сейчас то доллар по 50 ! Первое слово дороже второго!"
"В Москве военное положение, всюду патрули, обыски и облавы. Путин по телевизору: - Граждане! Вы меня извините, но я план развития потерял..."
"Когда пациентку везли в родильную палату, она сказала нянечке: - Я помню вас с тех пор, как рожала в прошлый раз. Нянечку её слова сильно удивили, поскольку это было несколько лет назад. - Вы действительно меня помните? - Да. Вы - та самая нянечка, которая съела все мои конфеты."
"-Вовочка, что тебе подарили на твой девятнадцатый День Рожденья? - Видишь у ворот мерс 600-й чёрный? - Ага! Классная тачка! - Вот точно такого же цвета сапоги...."
"Российская наука достигла невиданных высот. Теперь наши ученые в состоянии доказать все, что им закажут."
"Милиция. Полиция. На то он и оборотень, чтоб погоны менять."
"Если бы Илья Муромец жил на Меркурии, он бы пролежал на печи всего 8 часов 32 минуты."
"Посетитель, пришедший к гадалке нежданным, был так недоволен этим фактом, что ушел негаданым."
"Стюардесса столкнулась с тяжелым выбором - либо пустить пьяного дебошира на борт, либо лететь без второго пилота."
У женщины-бухгалтера помимо месячных есть еще квартальные и годовые.
"Федор Конюхов, знаменитый одиночными кругосветными путешествиями на яхте, теперь планирует пересечь Австралию на верблюде, причем, трижды. Федор категорически отрицает связь между его многолетними путешествиями и тем, что в его доме постоянно живет мама жены."
Находчивый питон проглотил двух разнополых кроликов и больше не нуждается в пище.
"Фанаты. Беседует два футбольных фаната. Первый: - Слышь, всякий раз когда Спартак забивает Зениту гол, моя такса делает сальто. - Класс! А в какую сторону она это делает - в левую или в правую? - Это зависит от того, какой ногой я ее пинаю... Пер. с нем."
"Надумали Кощей Бессмертный и Баба Яга любовью заняться. День занимаются, второй, третий… Баба Яга хочет еще и еще. На четвертый день Кощей – раз… и умер. Мораль: При желании зае#ать до смерти можно кого угодно."
"Сперва уничтожили памятник М. Горькому на площади Белорусского вокзала. Теперь взялись за Маяковского на Триумфальной. В планах - Пушкинская... Я всё понял: Лужок просто писателей ненавидит, тех кого в школе заставляли читать!"
ФАС получила веские основания подозревать производителей кондиционеров и вентиляторов в картельном сговоре.
"Ничто так не бодрит, как б**ди, которые вертятся вокруг твоего мужика."
"Современная загадка: Саша купил Лексус, а Сергей - Ладу, цену за машины они заплатили одинаковую. Догадайтесь, кто из них взял авто в кредит?"
"Сидят гардеробщицы во дворце спорта. Одна говорит - Иди, послушай о чем эти жулики и воры говорят. Возвращается - Слышно еле-еле, а близко к двери не пускают. Немножко только расслышала – Президент чего-то говорит, А все кричат «Пупсик, пупсик, пупсик»"
"Не припомню, чтобы я когда-нибудь жаловался на память..."
"Молодой фармацевт заходит в кабинет наставника. Тот сидит весь на нервах, курит одну за одной.... - Профессор!! Что случилось??? - Да вот... Изобрёл новое мегасуперлекарство, уникальное, дорогое... - ??? - Болезнь для него не могу придумать...."
"- Здравствуйте, вы папа Вовочки, как я понимаю, и вы выполняли с ним домашнее задание? Что я задавала на дом ребёнку? - Ну вот же в дневнике написано лично вами: нарисовать кружки! - Я просила нарисовать кружкИ, а не пивные кружки и трёх мужиков за столом!"
"Пропала кроличья шапка. Кто нашёл, просьба вернуть. Кролик мёрзнет."
"Присутствие Аль-Каеды в той или иной стране обнаруживается незадолго до того, как эту страну окупируют американские войска под предлогом защиты демократии. Так было в Афганистане и Ираке, так произойдет и сейчас в Пакистане. Выходит, однако, что Аль-Каеда - это буревестник демократизации."
"В Москве совершено разбойное нападение на адвоката. Похищено 1 миллион рублей. Что интересно, заявление о преступлении подал не адвокат, а пожелавший остаться неизвестным чиновник, которому адвокат нёс деньги."
"Кошачья логика покруче женской... Как вылизать морду при помощи лапы, так мы стесняемся, когда на нас смотрят, поэтому уходим в далёкий угол. Зато задницу мы демонстративно вылижем на виду у всех в гостиной перед телевизором или на кухне во время семейного ужина... © Малый Кыс"
Под русскую водку легко заходит любая национальная кухня.
"Забирай меня скорей,  Запрягай морских коней. Съешь то ржавое ведро,  Видишь портится оно."
"Монархия - тип государственного устройства, при котором высшая должность в стране передаётся половым путём."
"Российские пловцы самые выносливые: допинг, интриги, нечистоты в бассейне и раздевалке, высокая плата за тренировки. Доходяга Майкл Фелпс в таких условиях не дожил бы и до восемнадцати."
"У золотой рыбки начинается нервный срыв, как только она видит на берегу Абрамовича."
Столичная ГИБДД готовит новый сборник правил дорожного движения на всех языках стран СНГ специально для водителей маршруток.
"Сидит браток в своем крутом мерине. Смотрит слепенькая бабулька шлепает по тротуару, а впереди люк открытый, ремонтники не задраили. А старушка прямо к этой дыре чешет. Решил браток, находящийся в авто, бабке об опасности подсказать:-Эта-а... Ти-па... В натуре... Короче... Оп-па..."
- Не нервничай! Нервные клетки не восстанавливаются! - Не умничай. Зубы тоже...
"Смотрел с мелким Карлсона. Удивительно актуально: у Карлсона на спине спиннер, а кошку Фрекен Бок зовут Матильда."
В Иваново бордель считается градообразующим предприятием. Andrew (c)
"Генерал показывает высокому начальству новые боевые машины: - Перед вами танк, оборудованный новейшей компьютерной техникой. - Какова скорость установленного на нем компьютера? - Такая-же как скорость танка, разумеется."
"Негритянка приходит к гинекологу, села в кресло, раздвинула ноги.-гинеколог уставился ей туда и молчит, минуту молчит вторую.. десятую.. потом резко бьет по столу рукой-ВСЁ, РЕШЕНО!- что решено? .. доктор?- Беру себе черный Порш кайен с красным кожаным салоном"
"Остерегайся оказаться на улице в Час Земли, когда в городах гаснут огни и экологическое зло властвует безраздельно."
"Вы меня спрашиваете, как я отношусь к людям с нетрадиционной сексуальной ориентации? Да из-за таких как они погибло два архитектурных памятника - Содом и Гоморра."
"Насобирал грибов. Пожарил. На всякий случай помылся, побрился, одел всё красивое. Сижу ем… P.S. А 150 грамм водочки принять не догадался…"
"Маленьких и некрасивых мальчиков в древней Спарте скидывали в пропасть, у нас же они управляют государством."
"- А ведь нынешняя молодёжь, лакающая пиво и ягуары, навряд ли будет горбатиться на пенсии охранниками, дворниками чтобы помочь внукам купить квартиру или машину... - Ты ошибаешься! Такая молодёжь до пенсии вряд ли доживёт!"
"После длительных конкурентных переговоров проект моста между Россией и Крымом был неожиданно поручен неизвестному подрядчику из глубинки Аркадию Ротенбергу. На вопрос журналистов: как Аркадию удалось опередить более 70 кандидатов в генподрядчики на строительство моста, скромный строитель ответил: Просто повезло!"
"На репетиции оркестра дирижер недоволен игрой ударников: - Если музыкант не может ни на чем играть, ему выдают две палочки, и он становится барабанщиком. Театральный шепот из оркестра: - А если он и с барабаном не справляется, у него одну палочку отбирают, и он становится дирижером."
"Разработчики закона о борьбе с коррупцией внимательно ознакомились с новым законом о борьбе с пьянством и алкоголизмом и позаимствовали из него самые эффективные меры. Теперь взятки в России будет запрещено брать с 10 вечера до 10 утра, кроме ресторанов и других специально отведенных для этой цели мест."
"— Вы слышали? Изя застал свою жену с любовником и застрелил ее! — А почему не любовника? — Изя подсчитал, что выгоднее один раз пристрелить жену, чем каждую неделю стрелять по любовнику..."
"- Скажите, здесь живёт Рабинович? - Нет! Он здесь мучается!"
"Дешевле вовремя защитить футбольного арбитра от разъярённых болельщиков, чем выплачивать пособие его вдове. © Виталий Мутко"
"Виталий Милонов предложил ввести удостоверения на право управления велосипедами. А представьте, как, наверное, тяжело его родным: чтобы пользоваться туалетом и ванной - сдаёшь зачет по экономии воды, чтобы включать электроприборы - экзамен по электробезопасности..."
"Кальций. Кушайте кальций, вам же всегда чего-то не хватает, может кальция."
"Бутерброд по-студенчески: кусок черного хлеба, а на него кусок белого…"
"- Дорогой, давай сегодня без секса. У меня так болит голова. - Родная, меня очень беспокоят твои головные боли. Вероятно придётся потратить на лекарства те деньги, что мы отложили тебе на шубу."
Начались съемки нового российско-американского сериала Кадеты в Cанта-Барбаре. Молодые артисты уже подписали свой первый 35-летний контракт на съемку.
"Что общего у Александра Македонского, Шекспира, Чайковского, Леонардо да Винчи и Элтона Джона? Их считает ошибкой природы Елена Мизулина."
"Орел на гербе смотрит в стороны Европы и Азии. Чисто теоретически было бы интересно подсчитать количество официальных визитов Медведева и Путина в страны Европы и Азии, чтобы выяснить, кто из них за какую голову больше отвечает..."
"Русский националист считает, что он лучше всех - например, лучше хохла. Украинский националист считает, что он лучше всех, особенно какого-то там москаля. Здравомыслящий человек считает, что им обоим гордиться в общем-то нечем."
БЫЛА НА ВЫСТАВКЕ ГАДЮК... ВЕРНУЛАСЬ С МЕДАЛЬЮ и ГРАМОТОЙ!!
"Какая самая неправдоподобная картина любого фильма? Когда главный герой, возвращаясь к себе домой, задумчиво прослушивает автоответчик. Или неторопливо наливает сок из холодильника. Или садится на диван и включает телевизор. А не бежит сразу писать!!!"
"К анекдоту от 4 Мая: << Маленькая хитрость. Если объявить все неразрешённые проблемы несуществующими, то в своих глазах можно стать успешным человеком, не ведающим никаких преград. >> А если то же делать по телевизору и о проблемах страны, то и правительство может прослыть успешным."
"Едет новый русский на джипе, видит, идут по тротуару два здоровенных жлоба и волокут под руки третьего. Останавливается. - Мужики, что случилось? - Да вот, - отвечают те, - братан свой мерс в автосервис сдал. Учим ходить..."
"Фидель Кастро включен в Книгу рекордов Гиннесса как рекордсмен по количеству совершенных на него покушений - 638. Интересно как справится со своей задачей ЦРУ-шник, который приедет вручать ему диплом Гиннесса ?"
"Рашид Нургалиев, министр МВД России: – Вон там, за моей спиной, в прошлом остались взяточничество, злоупотребления, коррупция и весь негатив. За спиной висели портреты президента и председателя правительства."
"- У древних египтян было красивое представление о загробной жизни: Боги встречали людей перед вратами рая и задавали каждому два вопроса. В зависимости от ответа решали, впускать их в рай или нет... - Логин и пароль?"
"Приземлился самолет. Один пассажир, поддерживая брюки, идет и недовольно бормочет: - Заколебал Аэрофлот: то застегните ремни, то расстегните..."
"ТВ-шоу в Германии. Актер Ян Феддер (Das Boot): - Наполеон на поле боя носил красный жилет. Чтобы если его ранят, в войсках не возникла паника. (Пауза) А Адольф Гитлер одевал коричневые брюки..."
"- Привет, давно не виделись. Как ты возмужал!! - Привет. Да, ты тоже возбабилась!!!"
"Из новостей: В подмосковной Балашихе бойцы Спецназа ГРУ тренируют трудных подростков. Походу, открылись курсы повышения квалификации гопников!"
"Сотрудника Альфа-Капитал, сообщившего в рассылке о бедственном положении в нескольких российский банках, привлекли к ответственности в ЦБ за оскорбление чувств верующих."
"- Мaшa, я для тебя луну с небa, звезды с небa, все, что угодно с небa! - Кaкой вы ромaнтичный, Николaй! - Еще бы, двa месяцa не ебaлся! и не тaкое скaжешь!"
"Саакашвили просыпается утром, включает радио и слышит: - На абхазско-осетинской границе все спокойно..."
Сообщение на экране: Компьютер обнаружил новое оборудование и сейчас его уничтожит.
"Маленький мальчик спрашивает своего отца: - Папа, как называются взрослые дяди, которые целуются друг с другом? - Пидарасы, cынок. А где ты таких видел таких дядей? - На футболе, папа. Как только забьют гол, так сразу начинают целоваться. - А-а, там действительно много пидарасов, особенно среди наших"
"- Алло, директор? С какого хрена, директор, подорожал металлопрокат для наших нефтевышек? - Эээ... понимаете, на фоне повышения цен на бензин выросли транспортные расходы... © konde13"
"- Радио Ретро, вы в эфире! - Коллектив поликлиники №15 просит поставить песню про амнезию и инфаркт. - ???!!! Мы не знаем такой песни! - ну как же... вот эта... позабыто всё на свете, сердце замерло в груди"
"После выдачи Депардье паспорта с мордовской пропиской, глава Мордовии с легким сердцем рапортовал президенту об улучшении жизни в регионе, в частности, о 50% увеличении средних зарплат работников культуры в марте месяце по сравнению с февралем, за что и был представлен к ордену."
"Сидим за столом. Маленькая Эмма (годик) все время повторяет: ма-ма, ма-ма... Я говорю: - Доченька, ты скажи «па-па», и у тебя сразу будет и игрушки любые, и Мазерати, и Оксфорд... Старшая дочь Соня (12 лет): - Па-па!"
"В связи с резким глобальным похолоданием борцам с глобальным потеплением выдали шапки-ушанки, шаровары, фуфайки и валенки."
"Половина пострадавших от преступлений не обращается в полицию, потому что половина из них боится, что им будет только хуже от преступников, а другая половина, что от полиции."
"Михаил Прохоров, главный в федерации по биатлону: В неудачном выступлении российских спортсменов на Олимпиаде в Ванкувере виновата вся страна. Бля, я верил, что виноватых найдут. И, главное ведь, обязательно накажут!!"
"Учись, работай, занимайся фитнесом, готовь борщ и котлеты, убирайся в квартире, следи за внешним видом, читай, развивайся, будь интересна: ведь ты же баба."
Древнеримская пословица: нет воды горячей в бане – виноваты христиане.
Неосторожно брошенная фраза Таможня даёт добро тут же собирает толпу халявщиков.
"С сочинскими золотыми медалями коррупция поступила как персонаж знаменитого анекдота: не съела, так хоть понадкусила..."
"После презентации телефона Apple четвертого поколения Стивен Пол Джобс узнал, как в России осваивают бюджетные деньги разного рода строители и чуть не впал в депрессию от переживания, за зря прожитые годы."
"Вот за что фэбээровцы застрелили конкретного чеченского пацана? Он вёл себя совершенно нормально, как дома. Танцевал лезгинку, занимался боксом, изготавливал бомбы, вырезал три семьи неверных и пытался пристрелить полицейского... Полный произвол!"
"Костромские производители поставили в Польшу партию GPS-навигаторов Susanin, являющимся почти полным аналогом израильского прибора Moisej, работающего без подзарядки 40 лет."
Устроился грузин на фирму по уничтожению грызунов. Пришел на выделенный участок. Звонит в квартиру и спрашивает: - Мыша эст? - Какой Миша? Светин брат? - Какой - такой Светын брат! Крысын сэстра!
"Можно ли сравнить Медведо-Путинский тандем с двуликим Янусом, где Путин видит прошлые ошибки, а Медведев смотрит в будущее. Нет скорее его можно сравнить с двумя анусами, которые кроме себя ничего не видят."
"Рыбак-свидетель утверждал, что замеченный им преступник был четыре с половиной метра ростом и весом килограммов триста."
"Обрезание было придумано евреями во времена египетского рабства. Наблюдая за работой садовников-египтян, евреи заметили, что, если от ствола отрезать верхушечку, то от корневища начинают расти сильные и многочисленные отростки! Несмотря на постоянные неудачи, евреи упорны и продолжают опыты по сей день."
"Судя по количеству уничтоженных штабов, командиров и боевиков ИГИЛ, в Сирии воюют Белые Ходоки и Армия Мертвецов. Зима близко!"
"В армии. - Рядовой Веркопуло, с чего надо начинать чистку автомата? - С проверки серийного номера, товарищ сержант! - ?????? - Дык как же!? Нахрена мне надо чужой автомат чистить...!"
"Геи Киева отказались от мобилизации на войну в Донбассе сославшись на то, что они геи, а не пидарасы."
"Случай из жизни. Вечер, семья ужинает. За столом свекруха, ее сын и невестка. Сын, задумчиво: - Эх, сейчас бы мяса жаренного... Свекруха, мечтательно: - Да, бифштекс бы, сочный, с кровью... Невестка, зло: - Тётя Оля, с Вашей?"
"Сегодня во всём мире отмечается праздник - День Матери. Увы, для России он не имеет никакого смысла: общая мать россиян – бенина, и они круглый год, каждый день, каждую минуту друг дружку к ней посылают."
По обману и размаху с МММ у нас может соперничать только - очередь на получение бесплатного жилья.
Счастье есть удовольствие без раскаяния. © Л. Н. Толстой.
"Стеснительный токсикоман в гипермаркете купил тюбик клея. Кассир: – Пакет брать будите? Токсикоман: – Уффф! А я думал, и не спросите! Конечно!"
"Медведев предложил пожизненно запретить нарушителям вход на стадионы. Медведев предложил установить штраф за проезд на красный свет 500 тыс. рублей. Чего только не предложишь, лишь бы о коррупции и воровстве в высших эшелонах власти не говорить."
"Осужденный к смертной казни бежал из тюрьмы. Шеф разослал повсюду фотографии беглеца: анфас, левый профиль и правый профиль. На другой день из соседнего городка сообщили: - Фотографии получены. При задержании все трое преступников убиты."
"Мусульманских детишек тоже учат подчиняться и папам, и мамам. Но в конце концов имамы берут верх"
"Демократия как дерьмо: если много и свежая, то вонища невообразимая."
В вашем теле не обнаружен мозг. Использовать спинной в качестве основного?
"Отключили горячую воду. Возник вопрос: - Стал бы правоверный мыть голову водой, подогретой в кастрюле, в которой до этого варили свинину?"
"- Глобальное потепление приведет к тому, что в наших краях будут гнездиться попугаи. - Да хер с ними, попугаями. Лишь бы не пингвины."
"- Милый. Ну что ты все молчишь и молчишь. Расскажи о чем ты думаешь. - Понимаешь, дорогая, вот если обмотать Землю и Луну медной проволокой в несколько слоев, то получился бы неплохой генератор переменного тока. - Фу, опять ты куришь всякую дрянь. Не переменного, а постоянного."
"Мария: Я думала Дмитрий меня вряд ли чем удивит после его поздравления на день рождения С др. Новогоднее было тоже ожидаемо С нг Мария: Ан нет, талант не пропьешь. Недавно прислал еще оригинальнее - С 08.03"
"- Я в инете, под женским ником, одного мужика оскорблениями всякими довел просто до бешенства. Он поклялся, что найдет меня по АйПи и обязательно убьет. - А чего ты такой довольный. Он ведь действительно может тебя найти и грохнуть. - Надеюсь. Я же все в гостях делал, с тещиного компа."
"Кудесница была Василиса Премудрая. Махнет правым рукавом-озеро, махнет левым-лебеди плывут, махнет еще грамм 200-начинаются галюцинации и посложнее..."
"Зайцы радостно запрыгнули в лодку небритого Герасима, приняв его за деда Мазая."
"Хирург с женой прогуливаются по улице. Он загляделся на красивую даму, виляющую попой. Жена: - Опять пялишься на чужих баб?! - Да нет же! Смотрю, как работают мышцы бедра и ягодиц со своевременной поддержкой икроножных!"
"Порой, лучше утонуть, чем быть на плаву вместе со всяким говном."
"Армия на самоокупаемости. Всего 1,5 миллиарда долларов заплатил иностранный мультимиллиардер за право нажать любую кнопку в ракетном бункере. http://www.angelfire.com/my/migrations/doska.html"
"Министерство обороны России: «Комплексы «Бастион» в Калининградской области размещены не против кораблей НАТО, а для защиты балтийской корюшки от алжирских браконьеров»."
"Из рассуждений старого джинна, недавно прочитавшего классику: - В жизни Анны Якобсон был только один отрок, который мог делать с ней всё, что только ему заблагорассудится. Звали его Костя ибн Гоша Паустовский."
"Ф) - Сейчас сделаю карету из тыквы, а из крыс - кучеров, поедешь на бал во дворец, с принцем знакомиться! (З) - Не хочу на бал! К черту эти мужики! Наколдуй мне лучше миллион долларов... (Ф) - Золушка, я не колдунья...а Фея!!! (З) - Ну тогда НАФЕЯЧЬ мне миллион долларов!... (Ф) - А НАФЕЯ тебе так много??.."
"> Брежнев был эмо - он плакал, целовался и носил значки! ... но вот помирать он явно не торопился."
"Стою у подъезда, подходит парень: - Сигаретки не будет? Дала ему сигарету. - А зажигалки? Протягиваю ему зажигалку. Он в шутку так: - Ещё поди и жвачка есть?.. Достаю из сумочки пластинку Дирола со словами: - Я волшебница, а ты так глупо потратил все три желания..."
"Настенька: - Иванушка, прекрати! Отстань от меня! Свинья! Дурак! Дурачок... Дурашка..."
"ДЕШЁВКА Вечная ривалуцинерка, старая жаба Валерия Новодворская назвала крайне низкую цену своей жизни: она готова отдать её за лузера Ющенко."
"Сидят отчим и пасынок за столом, чай пьют. П.- Пан голова вам кипяточку подлить? О.- На хуй?! Бииииииииииииисов сыыыыыыыыын!!!!!!!!!!!!!!"
Во всех кафе постное меню. Сказку Пушкина о Балде отредактировали - там теперь не поп а купец. Давайте выпустим постные учебники для вузов! Чтоб скажем по психологии никакого тебе Павлова или упаси небо Фрейда. А по физике - никакой относительности и квантов!
"Я серьёзно поговорила с мужем, и теперь он не курит, не пьёт и не гуляет... Лежит себе тихонечко в реанимации..."
"По телевизору часто показывают, как по встречке с мигалками между двумя потоками машин пролетает крутой аппарат. Вот интересно, а какая будет развязка, если по той же полосе будет ехать с мигалкой встречный такой же блатной придурок?!"
"- У меня для Вас две новости. Хорошая и плохая. - Говорите, доктор. - Операция прошла неудачно, завтра вы умрёте. - А хорошая? - Вы больше не услышите ""Ты чё такая дерзкая"", ""На лабутенах"" и прочего современного дерьма. - В целом, я доволен результами операции, спасибо."
"Владелец пивбара Петров финансово не зависит от наступления или ненаступления любого очередного кризиса, ибо твёрдо знает, что когда деньги у мужиков есть, они пьют, а когда нет - пьют от горя..."
"Cидит фepмep нa пpиёмe y ceкcoпaтoлoгa, дepжит нa кoлeняx дыню и жaлyeтcя: - Я вoт yжe пять лeт тpaxaюcь - a клитop нaйти никaк нa мoгy! Bpaч: - Hy тaк... э-э-э... y дыни eгo и нeтy... Фepмep: - Oй, чтo вы, дoктop, тaкoe пoдyмaли! Дыню-тo я Вaм в пoдapoк пpинёc... Я пpo кoзy гoвopю..."
Два заголовка на РБК: 1.Главой будущей «Объединенной ракетно-космической корпорации» станет руководитель «АвтоВАЗа» Игорь Комаров 2.В 2016 году в космос можно будет улететь на воздушном шаре как то сразу про Незнайку вспомнилось
"Активная Украинская группа ИМГиП (Истребление Мелких Грызунов и Паразитов) просит политические силы Украины обеспечить их амуницией и боеприпасами, что бы не пришлось стрелять в пацанов Януковича и в него самого из рогаток и водяных пистолетов!"
"Обычно больше половины яблок привезенных с дачи выбрасывается в мусоропровод, но плодовые мушки не так просты. Они еще пару недель летают у вас перед носом и думают про вас - ах какие классные яблоки отражаются в этих прекрасных блестящих глазах."
"Начать обывателю собственный бизнес мешают: административные барьеры, непродуманное законодательство, завышенные ставки по кредитам, отсутствие гарантий прав частной собственности, чрезмерная налоговая нагрузка и т. д. Одним словом все это называется – ленью."
"Когда читаешь на сайте знакомств: Я притягательная, как Ferrari, экстравагантная, как Lamborghini, знающая себе цену, как Aston Martin, изысканная, как Bentley, созданная для свободы, как Porsche! - так и хочется добавить: Ломаюсь, как Жигули!."
Даже в больнице сомалийские пираты стараются захватить чужое судно.
"Чисто Французское Убийство. В семье французских миллиардеров горе - убит второй сын. А тут приходит неизвестно кто, объявляющий себя его мужем и требует свою долю наследства. Получит?"
"Каддафи с Илюмжиновым играли в шахматы. Илимжинов поставил шах и мат, а Каддафи и после этого продолжил партию."
Относитесь к сексу с юмором: не встал - похихикали и баеньки...
"В январе: - Буду готовиться к экзаменам/сессии с марта! Март: - Да в мае подготовлюсь.. Май: - Да ладно, сдам как-нибудь!)) Июнь: - Блин...."
"- Че унылая такая? - Чуть ребенку утренник не сорвала. - ? - Накануне позвонила воспитательница, велела всем родителям быть в масках... - И че? Они ж в каждой аптеке. - Вот все такие умные были! Одна я, как дура: в маске крокодила!"
"С пеной у рта доказывал санитарам, что прививку от бешенства мне уже сделали."
"В бакинском суде. Судья объявляет: - Абвыняется падсудымый Самироглы в ызнасыловании шимпанзе. В резултатэ ызнасылования шимпанзе сканчался. Падсудымому прэдъявлена абвынэние в скаталожэстве. Прокурор: - Один паправка. Нэ в скаталожэстве, а в мужэложэстве. Шимпандзе был нэ порода а фамылия патэрпэвшего."
"Хмурый Михаил Леонтьев идет по коридору Останкино. Встречает довольного Никиту Михалкова: Здорово, Леонтьев! А я только что из Кремля - новый орден получил! Однако..., подумал Леонтьев: Неужели его язык мягче моего?"
"Как известно, партия Яблоко образовалась от букв ЯБЛ, на которые начинались фамилии ее основателей. Известно, что у истоков стояли Болдырев и Лукин, Явлинский же появился чуть позже. Однако называть партию по буквам в порядке появления основателей почему-то не захотели! Veland88"
"Госдепартамент США попросил Эппл перенести сроки начала продаж в России нового Айфона на более позднее время, чтобы случайно не сорвать революцию несчастного, голодающего, страдающего от тирании русского народа"
"Директору Гидрометцентра завтра днем исполнится от 52 до 54 лет, ночью до 58, давление выше нормы, к вечеру возможно выпадание в осадок."
"... У нее был трудный характер, но легкое поведение. ГД."
Аналог российского Гайд-парка для удобства будет на Лубянской площади.
"Таллинн. Карикатурная война докатилась наконец и до Эстонии: здесь разъяренный подозреваемый сжег посольства Дании, Норвегии, Финляндии, Швеции, Франции, Германии, Бельгии, Люксембурга, Италии, Испании, после чего был оперативно задержан подоспевшей полицией."
"Новость на рамблере: В Сочи задержан пенсионер с гранатой. За предмет, похожий на гранату, арестован человек, похожий на пенсионера, людьми в форме, похожими на полицейских, по указу человека, похожего на президента."
"Резервистов вызвали на военные сборы. Идут контрольные стрельбы. Всем выдали автоматы, патроны, показали, куда нужно стрелять. Сисадмин отстрелялся, подводят итоги. Мишень сисадмина чистая. Командир взвода: - ??!! Сисадмин, проверяя свой АК-74: - С моей стороны пули вышли. Проблема у вас."
"Посетитель в аптеке — про таких придумана поговорка «простота хуже воровства». Стоит, прилавок изучает. Тут он замечает знаменитую Виагру в характерной упаковке. — Ух ты, какие пилюльки интересные. А стоют! Ебическая сила! Это что ж в них такое? Фармацевт, философски и доверительно: — Она самая."
МАК предупреждает: всеобщая горячая любовь к Главному Пассажиру приводит к авиакатастрофе.
"Я видел пьяниц с мудрыми глазами. И падших женщин с ликом чистоты. Я знаю сильных, что взахлеб рыдали. И слабых, что несут кресты. Не осуждай за то, в чем не уверен. Не обещай, если решил солгать. Не проверяй, когда уже доверил. И не дари, планируя отнять."
"Свадьба. Плясали так валилась штукатурка, играл баян, все удалось на славу. Одни крестились: « Сплавили придурка», другие скалились: « Пристроили шалаву»."
Научись писать обиды на песке и гравировать радости на камне.
"Обращаюсь ко всем производителям женской обуви: пожалуйста, давайте после 39-го размера пусть будет 39а, 39б, 39в! Вы не представляете, как неловко разуваться у парня в гостях, когда у вас у обоих 41-й."
"Помните у классика: Как вы яхту назовёте, так она и поплывёт. Так и Ё%*%@й-мобиль ещё не сойдя с конвеера, уже успел занять свою нишу."
"Раз Папа Римский вышел в город прогуляться и увидел курящего шпаненка: - А не рано тебе курить, сын мой? - Иди на хуй! - Чтоооо? Это ты мне, Римскому Папе? Образованному и интеллегентному человеку, главе всей католической церкви, практически наместнику бога на земле говоришь Иди на хуй?!! Да иди ты сам на хуй!"
"Блондинка - подруге: - А я вот со своим футбол по телеку смотрю! Уже три команды выучила: Спартак, ЦСКА и Принеси пива."
Гинеколог Сидорчук с улыбкой вспоминает свою школьную привычку подглядывать за одноклассницами в раздевалке...
"Няша - ил, грязь с тиной; жидкое, топкое дно озера; вязкая, жидкая топь; караси в няше водятся; конь засел в няше. © Словарь Владимира Даля"
Гениальность определяется сроком ее признания. Бакуткин В.
"Комментатор ведет спортивный репортаж: - И вот из-за поворота появляется японский бегун Херовато. Да, действительно, неважно бежит..."
"Мужская хитрость по сравнению с женской — так, художественная самодеятельность..."
Пропавший утром с экранов радаров частный одномоторный самолёт обнаружен в районе городского кладбища. На месте рухнувшей машины работают спасатели. Им уже удалось обнаружить останки семидесяти трёх погибших. Число жертв трагедии продолжает расти.
"- Петросян берет анекдоты из интернета, рассказывает их со сцены и зарабатывает на этом, интересно чем он занимался до карьеры юмориста? - Наверно продавал бесплатные газеты."
Неизрасходованные в ходе предвыборной кампании 100 миллионов долларов проигравшие демократы решили потратить на послевыборный майдан.
"У известного дирижера спрашивают - вы, наверное, с детства мечтали стать дирижером? Он отвечает - если честно, в детстве я мечтал стать гаишником, но не прошел по конкурсу. Но желание размахивать палочкой и быть в центре внимания осталось."
"Муж прекрасно запоминает лица и плохо запоминает имена. У меня обратная ситуация - помню кучу имен, но не помню, как эти люди выглядят. Если нас скрестить, то получится идеальный разведчик! Поймают такого, будут пытать... а он и лиц не помнит, и имен не знает..."
"- А при каких условиях ты возьмешь меня замуж? - Если ты будешь не более разговорчивой, чем одна моя знакомая. - Хорошо, познакомь меня с ней. - Ладно, на днях познакомлю. - Зачем откладывать, позвони сейчас, договорись о встречи. - Не могу, она немая."
"Злой диктатор-людоед Муамар Каддафи убил 10 тысяч ливийцев, подавляя оппозицию. А добрый генерал Картер Хэм убил 12 тысяч ливийцев, подавляя Каддафи. Так добро победило зло!"
"Если ты соглашаешься получить выигрыш от игры, в которую не играл, наследство от родственников, о которых не подозревал, помощь от тех, кто на тебя клал, или берёшь беспроцентный кредит, то не бойся, что тебе запудрят мозги. Цемент не пудрят."
И на этой оптимистической ноте.. позвольте в Вас кончить.
"Следственный Комитет подозревает Навального в убийстве Кирова, так как Навальный работал помощником губернатора Кировской области."
Басманским судом был осуждён за хулиганство и клевету молодой человек который в состоянии алкогольного опьянения напевал на Красной площади следующие буквы...Ла.лаЛа.ла...Ла ла ла ла Ла ЛАЛА лааааа!.... 1 Госдумой была внесена поправка в Конституцию запрещающая в россии призносить английское Ху есть Ху
Поговорка недалекого будущего: Развод - и девичья фамилия Семенов.
"Искал для девушки анекдоты про животных: В бассейн, где плавают дельфины, опустили микрофоны и записывают разговоры умных тварей. Один дельфин шепчет другому: - Скажи им что-нибудь по-русски. Во забегают!"
"Пришел домой пьяный. Полез в ванну купаться. Поскользнулся, упал. Падая, сбил головой кран. Струя со всей силы бьёт в потолок. А я лежу и ржу – первый раз в жизни затопил соседей сверху."
"Первое апреля. Две подруги: - Я тут над мужем пошутила - воды в постель, спина белая и т.д. и т.п. - А я пошутила - обхохоталась! - Как? - Мужу с утра говорю: У тебя х*й под подушкой!. Hу посмеялись, посмеялись, зато ты бы видела его рожу, когда он его оттуда доставал!"
Сооружение Вавилонской башни приостановлено впредь до сдачи всеми участниками стройки экзамена по эсперанто.
"Раскольников убил старуху-проценшицу из высших побужденй. ,жившую от процентов с бедных. А, что теперь Государство!?. А оно с чего живет? С наших процентов жирует?. Бедняк-нищий"
"увидев вожака журавлиной стаи в костюме контрацептива, я понял, какой гандон научил чиновников воровать!"
- Перед смертью не надышишься. - Перед диетой не нажрешься!
Госдума единогласно постановила:- поручить управление имуществом РАН имеющему богатый опыт госменеджеру Сердюкову
"Ирония судьбы: развитие идей протестантов (пуританан), начали с отрицания земных благ, а заканчивают обществом потребления. Аналогичный пируэт совершили разве что бывшие коммунисты и комсомольцы, ставшие олигархами"
- Кто там? - Галиматья! - КТО??? - Галиматья!!! - Бред какой-то. - Да не бред я. Гали мать я. Галя у тебя?
"РБК: Путин заявил, что участники нечестной приватизации должны заплатить…. Жуликам уже высланы реквизиты фирм вице-премьера Сечина для перечисления платежей…."
ЗАВЕРШЕНИЕ ИСТОРИИ Авраам родил Исаака; Исаак родил Иакова; Иаков родил Иуду; Иуда родил Ирода; Ирод родил Осаму. А Обама убил Осаму!
"Украинская пограничная стена опасна для хуйлорашки, поскольку будет мешать «перемещению животных» - заявили в Госдупе пидерашки. Да,так ещё никто не называл кацпские войска..."
Синхронистки - прекрасные жены: всегда есть возможность переставить прищепку с носа на рот.
"Мичурин никогда не выбрасывал новогодние ёлки, а выращивал на них персики и ананасы."
"Лучше поехать к Петрову на Майорку, чем к майору на Петровку... Veland88"
"- Представляешь, Собчачки один олигарх подарил синий Бентли. - Боже мой, какая безвкусица?! Девушке, и синий... Жесть."
Добавляй эту виртуальную георгиевскую ленточку к себе на стену!
Аэрозольный баллончик освежителя воздуха с запахом морской волны признан самой читаемой книгой России.
"Британского полицейского уволили за занятие проституцией Укравшие у своего работодателя чихуахуа узбекские транссексуалы-проститутки ... Внедрившийся в германскую разведку исламист снимался в гей-порно... Читаешь не только анекдоты о новостях, но и новости как анекдоты."
Домодедово осиротело - московские таксисты выехали в Японию.
"В Чечне осудили участников нападения на псковских десантников в 2000г. Главарь банды получил Вах, больще так нэ дэлай!, сообщники также понесут заслуженное наказание."
"Петрович прилепил на багажник своего автомобиля наклейку, такую же как теперь крепят на автобусы: Если я нарушил правила – позвони по номеру …. Только номер там - платного секса по телефону."
"- Спорим, что Греция останется в еврозоне? - Спорим, а на что? - На 50000 драхм."
"Комар, укусивший мальчика-наркомана Петю, теперь кусает только Петю."
"Лозунг нашего государства: Если коррупцию не победить, то ее надо организовать и возглавить."
"-За что сняли Матвиенко? - Пыталась сбивать сосули лазером! - Ну, и... ? - Не попала..."
"А что, Сталин вполне был прав насчёт докладов без бумажки! Больше бы извилин было!"
"Запад уже прозрачно намекнул оппо-трёхчлену Кулявлоб (Яйценюк), Босёру и Фашисту: Концепция изменилась – мы всрались! Харэ играться, а ну-ка сделайте так, чтобы мы увидели пустой майдан. Бабла больше не дадим!"
"Ни войска НАТО, ни исламские фанатики не смогли застать врасплох поднятые по тревоге сибирские гарнизоны."
"Автор детективных романов Агата Кристинина дописав последнюю страницу и поставив точку, полчаса сидела в шоке: ей и в голову не могло прийти, что убийцей окажется дворецкий!"
"- Вова, ну вот скажи честно: нафиг нам все эти лузеры в друзьях нужны? Венесуэла, Палестина, Северная Корея, Аспид этот сирийский? На кой? - Дима, мыслишь плоско. Анекдот про страшненьких подруг знаешь? Вооооот!"
"Едет по городу полный пассажиров троллейбус, а на нем во всю длину написано: Мы едем к доктору Старцеву!. Ниже расшифровка: лечение алкоголизма, наркомании и табакокурения. Мне так весело стало-думаю, целый троллейбус алкоголиков, любителей покурить и наркоманов!"
"Медведев поручил защитить права россиян на бесплатную рыбалку. Теперь право на бесплатную рыбалку каждого россиянина защищено. Однако все вы понимаете, что правовая защита - штука недешевая и за нее придется платить, причем даже тем, кто никогда не ловил рыбы."
"- Кто знает как передать поток интернета около 10 Мбит на 1 км без проводов, с наименьшими затратами? тип аппаратуры? - Записать на флешку и на велосипеде отвезти."
"На телевидении обсуждают новый проект:-Господа, нам пора создать первый отечественный телеканал фантастики! -Что мы там сможем показывать!? -Для начала запустим все сериалы про ментов..."
"В кинотеатре билетерша супружеской паре: — Программку не желаете? — Нет, спасибо. — Шоколадку не желаете? — Нет. — Может быть, пакетик леденцов? — Нет! Билетерша отворачивается и ехидно роняет: — А убийца в этом фильме – шофёр…"
"А если перепить детского шампанского, то можно увидеть много зеленых чебурашек."
в кадровом агентстве: - да я один из лучших американcких экспертов по экономике и рейтингам - следующий
Одесса. Привоз. Три кондитерские лавки в одном ряду. Вывеска на первой лавке гласит: У нас к каждому покупателю относятся как к королю. На второй лавке: У нас король - тоже желанный покупатель. На третьей: Лицам не королевской крови скидка 5%.
"- Мы ещё увидим небо в алмазах! - Ага, и все они будут величиной с 15-этажный дом, весом не менее 200000 тонн и стремительно нестись к Земле..."
На девичнике у Степановой из праздничного торта неожиданно вылез Упаковщик № 6.
"- Василь Иваныч, а вот скажи, ты - командир Красной Армии, в чем напервой должен разбираться? - в оружии, Петька... - а в чем тогда должен разбираться предводитель Народного фронта? - ну, напервой - в пылесосах..."
"Обычная семья за завтраком. Муж задумался, жена разглядывает сумочки в Космополитэне. Семилетняя дочь: - Мама, почему ты не сделала сегодня папе минет? Смотри, какой он грустный. Муж в шоке. Жена от стыда закрыла лицо журналом. И тут муж в первый раз пригляделся к обложке Космополитэна."
Проиграли русские испанцам. Медведев вызывает секретаря и говорит: - Ко мне дежурного с ядерным чемоданчиком и министра образования! - А министра образования зачем? - Править учебник по географии. - И что писать? - Португалия - небольшой остров в Атлантическом океане...
"- Всё, хватит ерундой заниматься, надо деньги зарабатывать, - пробормотал один волшебник, раскрашивая свою волшебную палочку в черно-белые полоски..."
Главная задача платной медицины - перевести острую боль в хроническую.
"Банкеты, корпоративы, свадьбы - фирма ВамПир к Вашим услугам!"
К 300-летию Полтавской битвы Национальный банк Украины выпустил юбилейную серебряную монету номиналом 30 гривен с изображением гетмана Мазепы.
"Вовочка: - Когда я вырасту, то пойду бороться с киберпреступностью и поймаю самых крутых хакеров! Марья Ивановна: - Правильно, Вова! Нужно посадить их в тюрьму! Вовочка: - Ну вы, Марья Ивановна, и глупая... Я создам из них свою ОПГ по взлому банков!"
"Проснулся в семь вечера. Первые мысли — где мои внуки, кто сейчас вождь, жив ли игорь николаев."
"Мы изучили Ваше коммерческое предложение по разработке информационной системы и приняли решение приобрести некоторое количество той травы, которую вы курите."
"Новости астрономии: Ущерб, нанесенный челябинским метеоритом, оценен примерно в 1 000 000 000 рублей, что примерно в 8 раз дешевле трамплинов в Сочи и в 58 раз дешевле стоимости системы защиты от метеоритов..."
Вернувшиеся с юга птицы напали на прохожего и отобрали у него пуховик.
2004 год. В Киеве майдан побеждает Януковича. 2014 год. В Киеве майдан побеждает Януковича. Есть у украинцев такая старинная традиция - раз в десять лет праздновать победу над Януковичем.
"Как утверждают кавказские долгожители, все болезни - от недопития и недотрахания..."
"Автофорум: - Мы с женой едем отдыхать на море, дикарями. Палатку не купили. Предполагаем, что будем спать на крыше нашего авто. Не скажется ли отрицательно это на автомобиле? - Смотря как вы относитесь к жене. Если очень любите, то за неделю ушатаете подвеску и помнете крышу."
"Во время выступления Филипп Киркоров ударил Сергея Зверева, чем вызвал недоумение у журналистов и зрителей. Изменил он своему правилу бить только женщин или нет?"
"Почему на свадьбе в Чечне 17-летняя Луиза Гойлабиева все время отворачивалась от своего жениха, 54-летнего главы РОВД Нажуда Гучигова, и вообще, выглядела как на похоронах? У нее трояк по алгебре в четверти получается..."
"Кто-то из студентов курил и вечно бросал окурки под пальму у деканата матфака. Виновника однозначно вычислил декан методом последовательного исключения. (Правда, при этом были ошибочно исключены из ВУЗа один за другим сорок восемь невинных студента.) Ефремов Геннадий (г. Тверь)"
"НТВ рассказывает про загнивающий Запад, а потом сообщает, что ребёнку нужно собрать миллион на лечение, которое возможно только в Германии."
"Теща на кухне случайно берется за оголенный провод. От удара током она отскакивает и опрокидывает на себя кастрюлю с водой и чтоб не поскользнуться стоя в луже, хватается за батарею. Зять расстроено: - Эх, мама, в обратной бы все это последовательности."
Неспроста обезьяны в зоопарках периодически отворачиваются от посетителей - стыдновато им иной раз за потомков становится.
"- Подскажите, как мне убедить психиатра, что у пельменей есть своя цивилизация..."
"А вот интересно – если бы Крым на референдуме объявил о выходе из Украины и сразу же пригласил бы американскую военную базу на свою территорию, мы бы слышали сейчас на Западе истошные крики о нелегитимности референдума?"
"Ищу компанию для депрессивного времяпрепровождения: скучные разговоры, угрюмое чаепитие, прогулки в неблагоприятных погодных условиях."
"Работая в Ленинграде кондуктором трамвая, шведка Анна Якобсон считает, что они, шведы, по-прежнему собирают с русских дань."
"Комиссия установила, что рама тележки, ставшая причиной схода вагонов в Приморье, сделана в КНР. Комиссия не знала, что там же сделаны сами тележки, вагоны, гравий, шпалы, рельсы, а также здание РЖД на Каланчевке. © konde13"
"Если уж третья часть сигаретной пачки теперь отводится на предупреждения типа Курение убивает, то на телевизоре под аналогичные цели надо отводить не меньше пол-экрана: Сериалы разжижают мозги, Реклама растит дебилов, Новости отупляют, Канальный юмор вызывает непроходимую тошноту..."
"Нашла где растет валерьяна. Выкопала. Вымыла и метелку из надрезанных корней повесила на забор соседу, у которого шавка тупая и постоянно лает. Теперь у меня зрелище. Толпы кошек-наркоманов идут, как зомби, а собака сходит с ума. Жду, когда падла охрипнет, или хозяин ее пристрелит!"
СКР возбудил уголовное дело о подстрекательстве к массовым беспорядкам по факту выхода в российский прокат фильма Штурм Белого Дома одновременно с вынесением приговора Алексею Навальному. Ряд российских кинопрокатчиков уже объявлен в федеральный розыск.
"Недолго проработала на Западе наивная Алла Е., клюнувшая на газетное объявление о наборе девушек в посудомойки. Каково же было ее возмущение, когда после пересечения границы у нее не отобрали паспорт, не продали в бордель, а действительно заставили мыть грязную посуду!"
"Настоящая романтика - это не вздохи при луне и не песни у костра. А это когда сидишь голым в пыльном шкафу, посреди развешанной на плечиках женской одежды, дышишь через раз и слушаешь крики разъярённого мужа, которой обнаружил в спальне чью-то разбросанную мужскую одежду явно не своего размера."
"Верхняя одежда прикрывает недостатки, нижняя – достоинства."
"Господин Медвепут внимательно осмотрел сутану Гундяева, нашел на жопе свободное место и прилепил очередной орден."
"В амазонских джунглях обнаружено неизвестное племя. Больше всего исследователей удивила огромная надпись на английском языке, отчетливо видимая с самолета: НЕФТИ НЕТ!!!."
"- В стране кризис, денег у банков нет! - А куда они делись? - Отдали организациям, заводам и фабрикам. - А организации? - Организации – людям. - А люди? - Люди - магазинам, ларькам и киоскам. - А магазины? - Из магазинов забирают инкассаторы и везут в банки. - Если магазины - банкам, где деньги?"
"Украинские туристы в Хургаде и Шарм-ель-Шейхе отказываются возвращаться домой и требуют выдать им оранжевые палатки, 200 гривен в день, и автобус до Каира."
"На этой планете 7 миллиардов людей, которых ты не встретил, и 195 стран, которые ты не посетил. Но ты все еще застрял в этом ничтожном городе, оказавшись под давлением в принятии решения о своем будущем, когда едва ли знаешь, кем являешься."
Нашедшего папку с грифомсекретнопредлагается застрелиться самому
"- Ну вот как объяснить иностранцу, почему вилка — лежит, тарелка — стоит, а птица — сидит? - Вот, кстати, ноутбук, когда закрыта крышка — лежит, а когда открыта — стоит… - Я кажется начинаю понимать: сидит и лежит — без толку, а стоит — во имя Великой Цели!"
"Наркополицейские юго-восточого округа вышли на крупного продавца героина. Они провели контрольную закупку, контрольное приготовление раствора, контрольную инъекцию и получили контрольный кайф. Договорились продолжить следственный эксперимент завтра на этом же месте."
Бизнес-идея. 1. Заключаем договор с оператором сотовой связи на ПЛАТНЫЙ НОМЕР. 2. Берём кредит в банке. 3. Не платим кредит. 4. Коллекторы звонят на ваш платный номер КРУГЛОСУТОЧНО. 5. Гребём бабло лопатой.
Эстонские физики начали разработку замедлителя элементарных частиц.
Теперь студентов МИФИ переклинит: что же первичнее дух или материя?
"- Чем отличается “Мерседес” от “Запорожца”? - На “Мерседесе” ездят с ветерком, на “Запорожце” - с матерком."
"Ваши мысли возвышенны и чисты? Вот небольшой тест, чтобы узнать ответ на этот вопрос (выберите слово, которым заканчивается строка): Энни-бенни, фики-раки, заработали по....."
"Как отличить умного бюрократа в постсоветской республике от глупого? Глупый будет переименовывать улицы и города по идеологическим мотивам, чтобы насолить этим русским, вымещая свое зло за колониальное прошлое. Умному же в переименованиях интересен не результат, а сам процесс - ну, там, откаты, распил бюджета..."
В Корее прошла международная выставка собак. С дегустацией.
"Американские полицеские поймали за рулем пьяного дядю Барака Обамы и отправляют его в Камерун. ДПСник поймал за рулем пьяного дядю Путина, и собирается теперь в Магадан."
- Как по-английски работа? - Job. - А работать? - Вjobывать...
"А вы тоже откладываете после стирки в сторонку одиночные носки, в расчете, что парные им - найдутся когда-то? Ласковый тролль"
"Стоит девушка на мосту, явно собирается свести счеты с жизнью. Подходит бомж. - Девушка, раз вам уже все равно, можно, я вас напоследок трахну? У меня так давно не было женщины! - КАзел! Ты вААбще себя видел? Грязный, вонючий, вшивый! Нет, нет и нет! Уйди!!! - Конечно, конечно. Уже ухожу. Я вас внизу подожду."
наконец-то Чубайс осуществил свою мечту:каждому Россиянину по две Волги. Урюпинский завод начал выпускать наноВОЛГИ. В ближайшие дни премьер будет их изучать под микроскопом.
"Я не разговариваю по утрам. Не знаю почему. Меня раздражает, если у меня что-то спрашивают или рассказывают едва я встал. Мне необходимо подумать о том, что мне снилось или как лучше распланировать день. Если мне дают спокойно позавтракать одному я становлюсь счастливым человеком."
"В связи с выходом закона о запрете мата, представьте картину: идёт человек, спотыкается о камень и падает. - Женщина лёгкого поведения! Совокупляющийся камень!!!"
"Квартет профессиональных музыкантов пришел в ресторан отметить удачный концерт. А там играет свой ансамбль. Минут через 10 один из пришедших не выдерживает и отправляется к сцене: - Ребята, вы на заказ играете? - Конечно, командир. Какие пожелания? - Вот вам четвертной - поиграйте в домино."
"Экстремальная бабушка, качаясь на кресле-качалке, отталкивается лбом и затылком."
"С 1 марта вступает в силу закон о полиции. Теперь обычного инспектора надо будет называть Полицейский Инспектор Дорожного и Общественного Регулирования. Также аббревиатура ПИДОР легализует определение, давно имеющее хождение в народе."
